"","ProductTitle","Price","Category","Ratings","Reviews","Description"
"1","1. Check each product page for other buying options. Price and other details may vary based on product size and color.","$1,295.00","Bicycle",4,"123","Check each product page for other buying options. Price and other details may vary based on product size and color."
"2","2. WEIZE Mountain Bike, 24/26/27.5 inch Outdoor Cycling Bike,18-Speed/High-Carbon Steel/Dual Full Suspension, Adjustable Ergonomic Seat for Men Women Adult, MTB Bicycle with Suspension Fork,Sleek Colors","$1,445.00","Bicycle",4,"4,567","WEIZE Mountain Bike, 24/26/27.5 inch Outdoor Cycling Bike,18-Speed/High-Carbon Steel/Dual Full Suspension, Adjustable Ergonomic Seat for Men Women Adult, MTB Bicycle with Suspension Fork,Sleek Colors"
"3","3. Huffy Stone Mountain Hardtail Mountain Bike for Boys/Girls/Men/Women, 20""/24""/26"" Sizes, 6 or 21 Speed Shimano Twist Shifting, Front or Dual Suspension, Comfort Saddle, Sleek Colors","$2,695.00","Bicycle",4.3,"99","Huffy Stone Mountain Hardtail Mountain Bike for Boys/Girls/Men/Women, 20""/24""/26"" Sizes, 6 or 21 Speed Shimano Twist Shifting, Front or Dual Suspension, Comfort Saddle, Sleek Colors"
"4","4. WEIZE Kids Bike, 14 18 20 Inch Children Bicycle for Boys Girls Ages 3-12 Years Old, Rider Height 35-60 Inch, Coaster Brake, Multiple Color Options","$2,995.00","Bicycle",4.5,"2,410","WEIZE Kids Bike, 14 18 20 Inch Children Bicycle for Boys Girls Ages 3-12 Years Old, Rider Height 35-60 Inch, Coaster Brake, Multiple Color Options"
"5","5. Royalbaby Stargirl Kids Bike Girls 12 14 16 18 20 Inch Children's Bicycle with Basket for Age 3-12 Years","$3,295.00","Bicycle",4.6,"11","Royalbaby Stargirl Kids Bike Girls 12 14 16 18 20 Inch Children's Bicycle with Basket for Age 3-12 Years"
"6","6. Electric Bike for Adults, Actbest Mars 20'' Fat Tire Folding Ebike with Peak 1000W Motor, 7 Speed 28MPH, 48V 499Wh Removable Battery Max Range 55 miles, Adjustable Bike Stem, Foldable Electric Bicycle","$149.99","Bicycle",4,"21","Electric Bike for Adults, Actbest Mars 20'' Fat Tire Folding Ebike with Peak 1000W Motor, 7 Speed 28MPH, 48V 499Wh Removable Battery Max Range 55 miles, Adjustable Bike Stem, Foldable Electric Bicycle"
"7","7. AVASTA Uranus 700C Road Hybrid Bike - Lightweight Aluminum Alloy Frame with 24-Speed Gearing for City Commuting - Dual Disc Brakes and Rear Cargo Rack for Men Women","$199.99","Bicycle",4.5,"81","AVASTA Uranus 700C Road Hybrid Bike - Lightweight Aluminum Alloy Frame with 24-Speed Gearing for City Commuting - Dual Disc Brakes and Rear Cargo Rack for Men Women"
"8","8. Jasion Roamer ST Electric Bike for Adults, 1200W Peak Motor Max 62miles & 28MPH City Cruiser Ebike,26'' Commuter Ebike, 528WH Removable Battery,7-Speed Electric Bicycles, Front Suspension Bicycles","$160.99","Bicycle",4.3,"141","Jasion Roamer ST Electric Bike for Adults, 1200W Peak Motor Max 62miles & 28MPH City Cruiser Ebike,26'' Commuter Ebike, 528WH Removable Battery,7-Speed Electric Bicycles, Front Suspension Bicycles"
"9","9. AVASTA Bilbo 18 20 inch Kids Bike for 3-10 Years Old Boys Girls with Kickstand & Dual Handbrakes Bell Adjustable Seat and Handlebar, Multiple Colors","$229.99","Bicycle",4.4,"309","AVASTA Bilbo 18 20 inch Kids Bike for 3-10 Years Old Boys Girls with Kickstand & Dual Handbrakes Bell Adjustable Seat and Handlebar, Multiple Colors"
"10","10. WEIZE Kids Bike,16 20 Inch Children Bicycle for Boys Girls Ages 4-12 Years Old, Rider Height 38-60 Inch, Coaster Brake, Multiple Color Options","$119.99","Bicycle",4.6,"398","WEIZE Kids Bike,16 20 Inch Children Bicycle for Boys Girls Ages 4-12 Years Old, Rider Height 38-60 Inch, Coaster Brake, Multiple Color Options"
"11","11. isinwheel U1 Electric Bike for Adults 500W Motor, 20 mph Folding Ebike, 14"" Adults Electric Bicycles with Smart Uphill, 280.8Wh Battery, 25 Miles PAS Range, Mini E Bikes for Adults and Teens","$110.15","Bicycle",4.2,"486","isinwheel U1 Electric Bike for Adults 500W Motor, 20 mph Folding Ebike, 14"" Adults Electric Bicycles with Smart Uphill, 280.8Wh Battery, 25 Miles PAS Range, Mini E Bikes for Adults and Teens"
"12","12. Hiland 20 inch Freestyle Kids BMX Bike,Beginner-Level to Advanced Riders with 360 Degree Gyro & 4 Pegs, Kids' Bicycles for Boys,Girls,Youth Multiple Colors","$159.99","Bicycle",4.1,"143","Hiland 20 inch Freestyle Kids BMX Bike,Beginner-Level to Advanced Riders with 360 Degree Gyro & 4 Pegs, Kids' Bicycles for Boys,Girls,Youth Multiple Colors"
"13","13. JOYSTAR Brockway Freestyle Kids BMX Bikes 20"" 24"" Kids Bicycles for 6-14 Years Old Boys Girls and Beginner-Level Riders 2 Pegs Multiple Colors","$599.99","Bicycle",4.6,"6","JOYSTAR Brockway Freestyle Kids BMX Bikes 20"" 24"" Kids Bicycles for 6-14 Years Old Boys Girls and Beginner-Level Riders 2 Pegs Multiple Colors"
"14","14. HILAND 26 27.5 Inch Mountain Bike, Mens and Womens MTB with 21 Speeds, High-Tensile Steel Frame, V Brake, Hardtail Bicycle for Adults","$331.09","Bicycle",4,"1,807","HILAND 26 27.5 Inch Mountain Bike, Mens and Womens MTB with 21 Speeds, High-Tensile Steel Frame, V Brake, Hardtail Bicycle for Adults"
"15","15. Dynacraft Magna Echo Ridge Mountain Bike – Rugged and Durable Design, Perfect for Teens and Adults Learning to Ride, Sturdy and Easy to Assemble, Ideal for Adventurers","$399.99","Bicycle",4.3,"258","Dynacraft Magna Echo Ridge Mountain Bike – Rugged and Durable Design, Perfect for Teens and Adults Learning to Ride, Sturdy and Easy to Assemble, Ideal for Adventurers"
"16","16. Electric Bike for Adults,Folding Ebike,Electric Bicycle with Removable Battery, 20MPH Commuting Electric Bike, High Brushless Gear Motor","$638.99","Bicycle",4,"1,225","Electric Bike for Adults,Folding Ebike,Electric Bicycle with Removable Battery, 20MPH Commuting Electric Bike, High Brushless Gear Motor"
"17","17. Mongoose Impasse Full Suspension Mountain Bike, Men and Women, 18-Inch Aluminum Frame, 29-Inch Wheels, Front and Rear Disc Brakes, Twist Shifters, 21-Speed Rear Deraileur, Silver","$679.99","Bicycle",4.4,"17","Mongoose Impasse Full Suspension Mountain Bike, Men and Women, 18-Inch Aluminum Frame, 29-Inch Wheels, Front and Rear Disc Brakes, Twist Shifters, 21-Speed Rear Deraileur, Silver"
"18","18. HILAND 24 26 Inch Adult Hybrid Bike, 21 Speed Commuter Bicycle, Bicycle for Women and Men with High-Carbon Steel Lightweight Frame Urban Bike","$142.49","Bicycle",4,"461","HILAND 24 26 Inch Adult Hybrid Bike, 21 Speed Commuter Bicycle, Bicycle for Women and Men with High-Carbon Steel Lightweight Frame Urban Bike"
"19","19. Hiland 20 Inch Kids Mountain Bike for Boys, Girls, Single Speed Kids Bicycles with Dual Handbrakes and Kickstand, Multiple Colors","$169.99","Bicycle",4.5,"4,105","Hiland 20 Inch Kids Mountain Bike for Boys, Girls, Single Speed Kids Bicycles with Dual Handbrakes and Kickstand, Multiple Colors"
"20","20. Schwinn Koen & Elm BMX Style Kids Bike 20-Inch Wheels for Boys Girls Age 7 to 13, Rider Height 48-60 Inch, No Training Wheels","$109.99","Bicycle",4.4,"177","Schwinn Koen & Elm BMX Style Kids Bike 20-Inch Wheels for Boys Girls Age 7 to 13, Rider Height 48-60 Inch, No Training Wheels"
"21","21. ENGWE 1125W Electric Bike for Adults, L20 2.0 20''×3.0"" Fat Tire Electric Bicycle 52V 13Ah Removable Battery Max Range 68Miles & 28MPH for Urban Commuters,7 Speed Mountain Ebike with Dual Suspension","$191.99","Bicycle",4.1,"1,398","ENGWE 1125W Electric Bike for Adults, L20 2.0 20''×3.0"" Fat Tire Electric Bicycle 52V 13Ah Removable Battery Max Range 68Miles & 28MPH for Urban Commuters,7 Speed Mountain Ebike with Dual Suspension"
"22","22. Check each product page for other buying options. Price and other details may vary based on product size and color.","$1,295.00","Bicycle",4.1,"1,398","Check each product page for other buying options. Price and other details may vary based on product size and color."
"23","23. Huffy Cruiser Bike, Fairmont or Woodhaven Model, 20/24/26 Inch Sizes, Perfect for Casual Rides, Ergonomic Upright Design, Fenders Prevent Spray, Rear Rack and Basket Available, Simple Coaster Brakes","$1,445.00","Bicycle",4.5,"17,980","Huffy Cruiser Bike, Fairmont or Woodhaven Model, 20/24/26 Inch Sizes, Perfect for Casual Rides, Ergonomic Upright Design, Fenders Prevent Spray, Rear Rack and Basket Available, Simple Coaster Brakes"
"24","24. RoyalBaby Freestyle Kids Bike 12 14 16 18 20 Inch Bicycle, Training Wheels or Kickstand Available, for Boys Girls Ages 3+ Years, Multiple Colors","$2,695.00","Bicycle",4.3,"5","RoyalBaby Freestyle Kids Bike 12 14 16 18 20 Inch Bicycle, Training Wheels or Kickstand Available, for Boys Girls Ages 3+ Years, Multiple Colors"
"25","25. WEIZE Beach Cruiser Bike, 26 inch Commuter Bicycle for Adult Men and Women, 7-Speed/High-Carbon Steel/Front & Rear Fenders, Comfortable City Bikes with Rear Rack or Basket, Ergonomic Upright Design","$2,995.00","Bicycle",4.3,"484","WEIZE Beach Cruiser Bike, 26 inch Commuter Bicycle for Adult Men and Women, 7-Speed/High-Carbon Steel/Front & Rear Fenders, Comfortable City Bikes with Rear Rack or Basket, Ergonomic Upright Design"
"26","26. Schwinn Traxion Mountain Bike for Adult Men Women, 29-Inch Wheels, Full Suspension, 24-Speed Shimano Drivetrain, Trigger Shifter, 18-Inch Aluminum Frame, Mechanical Disc Brake, Matte Grey/Neon Green","$3,295.00","Bicycle",4.4,"113","Schwinn Traxion Mountain Bike for Adult Men Women, 29-Inch Wheels, Full Suspension, 24-Speed Shimano Drivetrain, Trigger Shifter, 18-Inch Aluminum Frame, Mechanical Disc Brake, Matte Grey/Neon Green"
"27","27. E Bikes for Adults Electric, Peak 1500W/2000W 37MPH Fat Tire Electric Bike for Adults, 48V 17.5AH 840WH Battery, 80 Miles Ebike with 21-Speed Gear ON/Off Road Electric Bicycle UL Certified","$181.99","Bicycle",4.4,"1,461","E Bikes for Adults Electric, Peak 1500W/2000W 37MPH Fat Tire Electric Bike for Adults, 48V 17.5AH 840WH Battery, 80 Miles Ebike with 21-Speed Gear ON/Off Road Electric Bicycle UL Certified"
"28","28. Mongoose Malus Mens and Women Fat Tire Mountain Bike, 26-Inch Bicycle Wheels, 4-Inch Wide Knobby Tires, Steel Frame, 7 Speed Drivetrain, Shimano Rear Derailleur, Disc Brakes","$249.99","Bicycle",4.5,"1,994","Mongoose Malus Mens and Women Fat Tire Mountain Bike, 26-Inch Bicycle Wheels, 4-Inch Wide Knobby Tires, Steel Frame, 7 Speed Drivetrain, Shimano Rear Derailleur, Disc Brakes"
"29","29. RoyalBaby Freestyle 5/7 Sport Kids Bike 12 14 16 18 20 Inch Wheel Dual Handbrake BMX Bicycle Boys Girls Ages 3+ Years","$110.09","Bicycle",3.2,"280","RoyalBaby Freestyle 5/7 Sport Kids Bike 12 14 16 18 20 Inch Wheel Dual Handbrake BMX Bicycle Boys Girls Ages 3+ Years"
"30","30. BalanceFrom Dinos Kids Bike Kids Bicycle with Removable Training Wheels and Basket 12 Inch 14 Inch 16 Inch 18 Inch for Boys Girls Ages 2-9 Years Old","$159.99","Bicycle",3.8,"80","BalanceFrom Dinos Kids Bike Kids Bicycle with Removable Training Wheels and Basket 12 Inch 14 Inch 16 Inch 18 Inch for Boys Girls Ages 2-9 Years Old"
"31","1. Price and other details may vary based on product size and color.","$17.97","Watch",4.1,"17,808","Price and other details may vary based on product size and color."
"32","2. Illuminator AE1500WH Series | 10-Year Battery | LED Backlight | 5-Alarms | 1/100 Sec Stopwatch | Men's Digital Watch","$26.95","Watch",4.4,"53,445","Illuminator AE1500WH Series | 10-Year Battery | LED Backlight | 5-Alarms | 1/100 Sec Stopwatch | Men's Digital Watch"
"33","3. F91W Series | Digital Watch | Water Resistant | LED Light | 1/100 SEC Stopwatch | Regular Time Keeping (HR, Min, SEC, PM, Date, Day) | Daily Alarm | Lightweight | 7 Year Battery","$13.16","Watch",4.1,"26,272","F91W Series | Digital Watch | Water Resistant | LED Light | 1/100 SEC Stopwatch | Regular Time Keeping (HR, Min, SEC, PM, Date, Day) | Daily Alarm | Lightweight | 7 Year Battery"
"34","4. Men's Expedition Scout 40mm Watch","$18.95","Watch",4.6,"25,658","Men's Expedition Scout 40mm Watch"
"35","5. F108WH Series | Men's Digital Watch | Illuminator | Water Resistant | LED Light | Daily Alarm | 1/100 SEC Stopwatch | 3 Hands (HR, Min, SEC) | Date/Day Display | Daily Alarm | 7 Year Battery","$39.00","Watch",4.6,"28,103","F108WH Series | Men's Digital Watch | Illuminator | Water Resistant | LED Light | Daily Alarm | 1/100 SEC Stopwatch | 3 Hands (HR, Min, SEC) | Date/Day Display | Daily Alarm | 7 Year Battery"
"36","6. MQ24 Series | Quartz Analog Watch for Men | Water Resistant | Resin Case | Resin Band | Resin Glass | Three Hand Analog (HR, Min, SEC) | Classic Design | 3 Year Battery","$65.00","Watch",4.4,"2,651","MQ24 Series | Quartz Analog Watch for Men | Water Resistant | Resin Case | Resin Band | Resin Glass | Three Hand Analog (HR, Min, SEC) | Classic Design | 3 Year Battery"
"37","7. Solotempo Black Dial Automatic Men's Watch 102931","$15.00","Watch",4.6,"991","Solotempo Black Dial Automatic Men's Watch 102931"
"38","8. Men's Digital Watch, Sports Waterproof Military Watches for Men LED Casual Stopwatch Alarm Tactical Army Watch","$22.95","Watch",4.4,"705","Men's Digital Watch, Sports Waterproof Military Watches for Men LED Casual Stopwatch Alarm Tactical Army Watch"
"39","9. Apple Watch SE (2nd Gen) [GPS 40mm] Smartwatch with Starlight Aluminium Case with Starlight Sport Band S/M. Fitness and Sleep Trackers, Crash Detection, Heart Rate Monitor, Retina Display","$14.92","Watch",4.5,"16,019","Apple Watch SE (2nd Gen) [GPS 40mm] Smartwatch with Starlight Aluminium Case with Starlight Sport Band S/M. Fitness and Sleep Trackers, Crash Detection, Heart Rate Monitor, Retina Display"
"40","10. Apple Watch Series 10 [GPS 46mm case] Smartwatch with Jet Black Aluminium Case with Black Sport Band - M/L. Fitness Tracker, ECG App, Always-On Retina Display, Water Resistant","$22.95","Watch",4.4,"27,216","Apple Watch Series 10 [GPS 46mm case] Smartwatch with Jet Black Aluminium Case with Black Sport Band - M/L. Fitness Tracker, ECG App, Always-On Retina Display, Water Resistant"
"41","11. Men's Easy Reader Watch","$4,500.00","Watch",4.5,"5,416","Men's Easy Reader Watch"
"42","12. Apple Watch Series 5 (GPS, 40MM) - Space Gray Aluminum Case with Black Sport Band (Renewed)","$12.36","Watch",4.4,"102","Apple Watch Series 5 (GPS, 40MM) - Space Gray Aluminum Case with Black Sport Band (Renewed)"
"43","13. Men's Easy to Read Strap Watch","$15.45","Watch",4.2,"18,636","Men's Easy to Read Strap Watch"
"44","14. Women Watch for Nurse Easy to Read Dial Wristwatches Silicone Band Water Resistant Watches Second Hand and 24 Hour","$149.00","Watch",4.4,"18,480","Women Watch for Nurse Easy to Read Dial Wristwatches Silicone Band Water Resistant Watches Second Hand and 24 Hour"
"45","15. Sport Women's Digital Chronograph Resin Strap Watch, 45/7012","$249.00","Watch",4.2,"10,984","Sport Women's Digital Chronograph Resin Strap Watch, 45/7012"
"46","16. Grant Men's Watch with Chronograph or Automatic Display and Genuine Leather or Stainless Steel Band","$359.00","Watch",4.2,"9,607","Grant Men's Watch with Chronograph or Automatic Display and Genuine Leather or Stainless Steel Band"
"47","17. Men's Easy Reader Watch","$429.00","Watch",4.6,"2,759","Men's Easy Reader Watch"
"48","18. Minimalist Men's Watch with Leather or Stainless Steel Band, Chronograph or Analog Watch Display with Slim Case Design","$28.95","Watch",4.6,"1","Minimalist Men's Watch with Leather or Stainless Steel Band, Chronograph or Analog Watch Display with Slim Case Design"
"49","19. Men's Expedition Digital CAT 39mm Watch","$53.00","Watch",4.5,"49,750","Men's Expedition Digital CAT 39mm Watch"
"50","20. Monaco Men's Watch","$139.00","Watch",4.4,"10,609","Monaco Men's Watch"
"51","21. A158WA Series | Unisex Digital Watch | Vintage | WR | 100 SEC Stop Watch | Daily Alarm | Regular Time Keeping: Hour, Minute, Second, PM, Date, Day | Led Light | 7 Yr Battery","$15.90","Watch",5,"11,511","A158WA Series | Unisex Digital Watch | Vintage | WR | 100 SEC Stop Watch | Daily Alarm | Regular Time Keeping: Hour, Minute, Second, PM, Date, Day | Led Light | 7 Yr Battery"
"52","22. TOZO S2 44mm Smart Watch Alexa Built-in Fitness Tracker with Heart Rate and Blood Oxygen Monitor,Sleep Monitor 5ATM Waterproof HD Touchscreen for Men Women Compatible with iPhone&Android Black","$9.99","Watch",4.6,"16,928","TOZO S2 44mm Smart Watch Alexa Built-in Fitness Tracker with Heart Rate and Blood Oxygen Monitor,Sleep Monitor 5ATM Waterproof HD Touchscreen for Men Women Compatible with iPhone&Android Black"
"53","23. FT500WC Series | Men's Analog Watch | 100 Meter Water Resistance | LED Light | Date Display | Leather/Cloth Band | Regular Time Keeping (HR, Min, SEC, PM, Date, Day) | 3 Year Battery","$12.99","Watch",4.1,"1,844","FT500WC Series | Men's Analog Watch | 100 Meter Water Resistance | LED Light | Date Display | Leather/Cloth Band | Regular Time Keeping (HR, Min, SEC, PM, Date, Day) | 3 Year Battery"
"54","24. Men's Ironman Classic 30 38mm Watch","$12.58","Watch",4.5,"27,657","Men's Ironman Classic 30 38mm Watch"
"55","25. Relic by Fossil Men's Rylan Three-Hand Gunmetal Watch and Black Metal Card Case Gift Set (Model: ZR97014)","$18.75","Watch",4.5,"6,402","Relic by Fossil Men's Rylan Three-Hand Gunmetal Watch and Black Metal Card Case Gift Set (Model: ZR97014)"
"56","26. AE1200WH Series | Men’s Digital Watch | 100M WR | Multi Alarms | 100 SEC Stopwatch | Countdown Timer | World Map for World Time | LED Light | LC Analog Display | 10 Year Battery","$88.00","Watch",4.5,"1,716","AE1200WH Series | Men’s Digital Watch | 100M WR | Multi Alarms | 100 SEC Stopwatch | Countdown Timer | World Map for World Time | LED Light | LC Analog Display | 10 Year Battery"
"57","27. Mens Watch Ultra-Thin Digital Sports Watch Waterproof Stainless Steel Fashion Wrist Watch for Men Women","$160.00","Watch",4.7,"24,003","Mens Watch Ultra-Thin Digital Sports Watch Waterproof Stainless Steel Fashion Wrist Watch for Men Women"
"58","28. Men's Classic Quartz Watch, Stainless Steel","$30.94","Watch",4.2,"138","Men's Classic Quartz Watch, Stainless Steel"
"59","29. Conquest Classic Automatic Silver Dial Ladies Watch L22854766","$36.40","Watch",4.6,"9,833","Conquest Classic Automatic Silver Dial Ladies Watch L22854766"
"60","30. CA53W Vintage Series | Data Bank | 1/100 SEC Stopwatch | Water Resistant | 8 Digit Calculator | Dual Time | Resin Band | Resin Case | Auto Calendar | Daily Alarm | 5 Year Battery","$65.00","Watch",4.6,"959","CA53W Vintage Series | Data Bank | 1/100 SEC Stopwatch | Water Resistant | 8 Digit Calculator | Dual Time | Resin Band | Resin Case | Auto Calendar | Daily Alarm | 5 Year Battery"
"61","1. Logitech Mouse Pad - Studio Series, Computer Mouse Mat with Anti-Slip Rubber Base, Easy Gliding, Spill-Resistant Surface, Durable Materials, Portable, in a Fresh Modern Design, Graphite","$19.99","MousePad",4.6,"11,500","Logitech Mouse Pad - Studio Series, Computer Mouse Mat with Anti-Slip Rubber Base, Easy Gliding, Spill-Resistant Surface, Durable Materials, Portable, in a Fresh Modern Design, Graphite"
"62","2. SteelSeries QcK Gaming Mouse Pad - XXL Thick Cloth - Sized to Cover Desks","$24.99","MousePad",4.7,"97,050","SteelSeries QcK Gaming Mouse Pad - XXL Thick Cloth - Sized to Cover Desks"
"63","3. MROCO Ergonomic Mouse Pad with Gel Wrist Rest, Comfortable Mousepad with Smooth Wrist Support Surface and Non-Slip PU Base for Pain Relief, Computer, Laptop, Office & Home, 9.4 x 8.1 in, Black Color","$19.99","MousePad",4.7,"26,586","MROCO Ergonomic Mouse Pad with Gel Wrist Rest, Comfortable Mousepad with Smooth Wrist Support Surface and Non-Slip PU Base for Pain Relief, Computer, Laptop, Office & Home, 9.4 x 8.1 in, Black Color"
"64","4. Japanese Sea Wave Large Mouse Pad, Anime Black Gaming, Extended Kanagawa Mat Desk Pad, 3mm Thick Long Non-Slip Rubber Base Mice Pad, 31.5 X 11.8 Inch","$24.99","MousePad",4.6,"1,225","Japanese Sea Wave Large Mouse Pad, Anime Black Gaming, Extended Kanagawa Mat Desk Pad, 3mm Thick Long Non-Slip Rubber Base Mice Pad, 31.5 X 11.8 Inch"
"65","5. KTRIO Large Gaming Mouse Pad with Superior Micro-Weave Cloth, Extended Desk Mousepad with Stitched Edges, Non-Slip Base, Water Resist Keyboard Pad for Gamer, Office & Home, 31.5 x 11.8 in, Black","$14.99","MousePad",4.7,"38,316","KTRIO Large Gaming Mouse Pad with Superior Micro-Weave Cloth, Extended Desk Mousepad with Stitched Edges, Non-Slip Base, Water Resist Keyboard Pad for Gamer, Office & Home, 31.5 x 11.8 in, Black"
"66","6. MROCO Mouse Pad [30% Larger] with Anti-fray Stitching, Premium-Textured & Waterproof Computer Mousepad with Non-Slip Rubber Base, Gaming Mouse Mat for Laptop, Office & Home, 8.5 x 11 inch, Black","$29.99","MousePad",4.7,"27,059","MROCO Mouse Pad [30% Larger] with Anti-fray Stitching, Premium-Textured & Waterproof Computer Mousepad with Non-Slip Rubber Base, Gaming Mouse Mat for Laptop, Office & Home, 8.5 x 11 inch, Black"
"67","7. GIM Wireless Charging RGB Gaming Mouse Pad 15W, LED Mouse Mat 800x300x4MM, 10 Light Modes Extra Large Mousepad Non-Slip Rubber Base Computer Keyboard Mat for Gaming, MacBook, PC, Laptop, Desk","$8.96","MousePad",4.7,"3,852","GIM Wireless Charging RGB Gaming Mouse Pad 15W, LED Mouse Mat 800x300x4MM, 10 Light Modes Extra Large Mousepad Non-Slip Rubber Base Computer Keyboard Mat for Gaming, MacBook, PC, Laptop, Desk"
"68","8. JIKIOU 3 Pack Mouse Pad with Stitched Edge, Comfortable Mouse Pads with Non-Slip Rubber Base, Washable Mousepads Bulk with Lycra Cloth, Mouse Pads for Computers Laptop Mouse 10.2x8.3x0.12inch Black","$15.49","MousePad",4.5,"14,511","JIKIOU 3 Pack Mouse Pad with Stitched Edge, Comfortable Mouse Pads with Non-Slip Rubber Base, Washable Mousepads Bulk with Lycra Cloth, Mouse Pads for Computers Laptop Mouse 10.2x8.3x0.12inch Black"
"69","9. Corsair MM350 PRO Premium Spill-Proof Cloth Gaming Mouse Pad – Extended XL - Black","$12.79","MousePad",4.7,"2,947","Corsair MM350 PRO Premium Spill-Proof Cloth Gaming Mouse Pad – Extended XL - Black"
"70","10. Japanese Gaming Mouse Pad Black Mouse Pad Kanagawa Large Mousepad Non-Slip Rubber Base Waterproof with Stitched Edges for Gaming Office Home, 31.5x11.8 Inch (Black Wave)","$16.99","MousePad",4.7,"312","Japanese Gaming Mouse Pad Black Mouse Pad Kanagawa Large Mousepad Non-Slip Rubber Base Waterproof with Stitched Edges for Gaming Office Home, 31.5x11.8 Inch (Black Wave)"
"71","11. Gimars RGB Gaming Mouse Pad,15W Wireless Charging Mousepad with 10 Light Modes, Large Mousepad with Premium Smooth Surface, Non-Slip Mouse Mat for Gaming, Desk, PC,Office, 31.5x11.8x0.16inch","$13.97","MousePad",4.7,"1,363","Gimars RGB Gaming Mouse Pad,15W Wireless Charging Mousepad with 10 Light Modes, Large Mousepad with Premium Smooth Surface, Non-Slip Mouse Mat for Gaming, Desk, PC,Office, 31.5x11.8x0.16inch"
"72","12. Mr. Pen- Mouse Pad with Wrist Support, Ergonomic Pad, Gel Gaming Support","$18.99","MousePad",4.6,"3,015","Mr. Pen- Mouse Pad with Wrist Support, Ergonomic Pad, Gel Gaming Support"
"73","13. BladeHawks Extra Large RGB Gaming Mouse Pad-14 Light Modes, Extended Soft LED Mouse Pad, Anti-Slip Rubber Base, Computer Keyboard Mousepad Mat (31.5 x 12 Inch)","$3.98","MousePad",4.5,"15,042","BladeHawks Extra Large RGB Gaming Mouse Pad-14 Light Modes, Extended Soft LED Mouse Pad, Anti-Slip Rubber Base, Computer Keyboard Mousepad Mat (31.5 x 12 Inch)"
"74","14. CORSAIR MM700 RGB Extended Cloth Gaming Mouse Pad - 36.6"" x 15.8"" - 360° RGB Lighting - Two USB Port Hub - Thick Rubber - Black","$8.99","MousePad",4.7,"4,389","CORSAIR MM700 RGB Extended Cloth Gaming Mouse Pad - 36.6"" x 15.8"" - 360° RGB Lighting - Two USB Port Hub - Thick Rubber - Black"
"75","15. ITNRSIIET Marble Round Mouse Pad, Pink Marble Customized Premium-Textured Mouse Mat,Washable Mousepads with Cloth, Non-Slip Rubber Base Small Mousepad, 7.87×7.87×0.12 inches (Pink Marble)","$36.99","MousePad",4.6,"19,724","ITNRSIIET Marble Round Mouse Pad, Pink Marble Customized Premium-Textured Mouse Mat,Washable Mousepads with Cloth, Non-Slip Rubber Base Small Mousepad, 7.87×7.87×0.12 inches (Pink Marble)"
"76","16. RGB Mousepad Led Mouse Pad, Large Mouse Pad,Led and Big Mouse mat","$6.39","MousePad",4.7,"6,343","RGB Mousepad Led Mouse Pad, Large Mouse Pad,Led and Big Mouse mat"
"77","17. Japanese Mouse Pad, Large Japanese Desk Mat, XL Anime Gaming Keyboard Mat, Non-Slip Rubber Base, Big Extended Desk Protector for Home Office, 31.5”x11.8”","$2.13","MousePad",4.6,"48","Japanese Mouse Pad, Large Japanese Desk Mat, XL Anime Gaming Keyboard Mat, Non-Slip Rubber Base, Big Extended Desk Protector for Home Office, 31.5”x11.8”"
"78","18. YSAGi Leather Desk Pad Protector, Office Desk Mat, Large Mouse Pad, Non-Slip PU Leather Desk Blotter, Laptop Desk Pad, Waterproof Desk Writing Pad for Office and Home (Black, 23.6"" x 13.8"")","$7.99","MousePad",4.8,"10,420","YSAGi Leather Desk Pad Protector, Office Desk Mat, Large Mouse Pad, Non-Slip PU Leather Desk Blotter, Laptop Desk Pad, Waterproof Desk Writing Pad for Office and Home (Black, 23.6"" x 13.8"")"
"79","19. Large Extended Gaming Mouse Pad with Stitched Edges, (31.5X15.7In) Durable Non-Slip Natural Rubber Base, Waterproof Computer Keyboard Pad Mat for Esports Pros/Gamer/Desktop/Office/Home-Black","$24.99","MousePad",4.6,"4,303","Large Extended Gaming Mouse Pad with Stitched Edges, (31.5X15.7In) Durable Non-Slip Natural Rubber Base, Waterproof Computer Keyboard Pad Mat for Esports Pros/Gamer/Desktop/Office/Home-Black"
"80","20. MROCO Mouse Pad [30% Larger] with Stitched Edges, 3 Pack Premium-Textured & Waterproof Mousepad Bulk with Non-Slip Rubber Base for Computers, Laptop, PC, Office & Home, 8.5 x 11 x 0.12 in, Black","$20.48","MousePad",4.8,"9,399","MROCO Mouse Pad [30% Larger] with Stitched Edges, 3 Pack Premium-Textured & Waterproof Mousepad Bulk with Non-Slip Rubber Base for Computers, Laptop, PC, Office & Home, 8.5 x 11 x 0.12 in, Black"
"81","21. Amazon Basics Square Mouse Pad, Cloth with Rubberized Base, Standard, Black","$39.99","MousePad",4.7,"61,382","Amazon Basics Square Mouse Pad, Cloth with Rubberized Base, Standard, Black"
"82","22. Pink Mouse Pad, Nice and Cute Mouse Pad, Splash-Proof Textured 10.2 x 8.2Inch, Stitched Edge Non-Slip Waterproof Rubber Mouse Pad","$10.91","MousePad",4.6,"72","Pink Mouse Pad, Nice and Cute Mouse Pad, Splash-Proof Textured 10.2 x 8.2Inch, Stitched Edge Non-Slip Waterproof Rubber Mouse Pad"
"83","23. Hokafenle Ergonomic Mouse Pad Wrist Support with Massage Design, Wrist Rest Pain Relief Mousepad with Memory Foam&Non-Slip PU Base, Mouse Pads for Wireless Mouse & Desk (12x8 inch,Black)","$13.99","MousePad",4.6,"1,006","Hokafenle Ergonomic Mouse Pad Wrist Support with Massage Design, Wrist Rest Pain Relief Mousepad with Memory Foam&Non-Slip PU Base, Mouse Pads for Wireless Mouse & Desk (12x8 inch,Black)"
"84","24. Large RGB Gaming Mouse Pad -15 Light Modes Touch Control Extended Soft Computer Keyboard Mat Non-Slip Rubber Base for Gamer Esports Pros 31.5X11.8 in","$27.54","MousePad",4.5,"4,407","Large RGB Gaming Mouse Pad -15 Light Modes Touch Control Extended Soft Computer Keyboard Mat Non-Slip Rubber Base for Gamer Esports Pros 31.5X11.8 in"
"85","25. Amazon Basics Rectangular Ergonomic Gel Computer Mouse Pad with Wrist Rest for Pain Relief, Small, Black","$32.99","MousePad",4.6,"32,172","Amazon Basics Rectangular Ergonomic Gel Computer Mouse Pad with Wrist Rest for Pain Relief, Small, Black"
"86","26. RGB Gaming Mouse Pad with Wireless Charging, Large Mouse Pad with LED Light, Keyboard Pad with Non-Slip Rubber Base,Waterproof Desk Pad for Home Office Decor","$6.99","MousePad",4.6,"295","RGB Gaming Mouse Pad with Wireless Charging, Large Mouse Pad with LED Light, Keyboard Pad with Non-Slip Rubber Base,Waterproof Desk Pad for Home Office Decor"
"87","27. Razer Gigantus v2 Cloth Gaming Mouse Pad (XXL): Thick, High-Density Foam - Non-Slip Base - Classic Black","$8.99","MousePad",4.4,"9,189","Razer Gigantus v2 Cloth Gaming Mouse Pad (XXL): Thick, High-Density Foam - Non-Slip Base - Classic Black"
"88","28. 3M Precise Mouse Pad Enhances the Precision of Optical Mice at Fast Speed, 9 in x 8 in (MP114-BSD1)","$17.99","MousePad",4.7,"17,784","3M Precise Mouse Pad Enhances the Precision of Optical Mice at Fast Speed, 9 in x 8 in (MP114-BSD1)"
"89","29. ASUS ROG Sheath Extended Gaming Mouse Pad - Ultra-Smooth Surface for Pixel-Precise Mouse Control | Durable Anti-Fray Stitching | Non-Slip Rubber Base | Light & Portable","$44.99","MousePad",4.5,"2,184","ASUS ROG Sheath Extended Gaming Mouse Pad - Ultra-Smooth Surface for Pixel-Precise Mouse Control | Durable Anti-Fray Stitching | Non-Slip Rubber Base | Light & Portable"
"90","30. ITNRSIIET Mouse Pad with Non-Slip Rubber Base, Stitched Edge, Premium-Textured, Waterproof Gaming Mouse Pad for Wireless Mouse, Computers, Laptop, Office, 10.2×8.3 in, Palm Texture","$59.99","MousePad",4.8,"7,850","ITNRSIIET Mouse Pad with Non-Slip Rubber Base, Stitched Edge, Premium-Textured, Waterproof Gaming Mouse Pad for Wireless Mouse, Computers, Laptop, Office, 10.2×8.3 in, Palm Texture"
"91","1. 15.6"" FHD IPS Business Laptop, 32GB RAM 1TB SSD, AMD Ryzen 5(Beat i3-1215U, 4 Cores Up to 3.7GHz), 65W Type-C, 2 Years Warranty, Fingerprint, Backlit Keyboard, Wi-Fi 5, BT5.2, Numpad","$429.99","Laptop",5,"7","15.6"" FHD IPS Business Laptop, 32GB RAM 1TB SSD, AMD Ryzen 5(Beat i3-1215U, 4 Cores Up to 3.7GHz), 65W Type-C, 2 Years Warranty, Fingerprint, Backlit Keyboard, Wi-Fi 5, BT5.2, Numpad"
"92","2. Acer Aspire 3 A315-24P-R7VH Slim Laptop | 15.6"" Full HD IPS Display | AMD Ryzen 3 7320U Quad-Core Processor | AMD Radeon Graphics | 8GB LPDDR5 | 128GB NVMe SSD | Wi-Fi 6 | Windows 11 Home in S Mode","$599.99","Laptop",4.4,"39,309","Acer Aspire 3 A315-24P-R7VH Slim Laptop | 15.6"" Full HD IPS Display | AMD Ryzen 3 7320U Quad-Core Processor | AMD Radeon Graphics | 8GB LPDDR5 | 128GB NVMe SSD | Wi-Fi 6 | Windows 11 Home in S Mode"
"93","3. Lenovo V15 G2 Laptop, 15.6"" FHD Screen, Intel Dual-core Processor, 16GB RAM, 1TB SSD, Webcam, HDMI, Wi-Fi, Windows 11 Home, Black","$572.38","Laptop",4.2,"52","Lenovo V15 G2 Laptop, 15.6"" FHD Screen, Intel Dual-core Processor, 16GB RAM, 1TB SSD, Webcam, HDMI, Wi-Fi, Windows 11 Home, Black"
"94","4. ASUS 15.6” Vivobook Go Laptop, Intel Dual Core N4500, 4GB RAM, 128GB SSD, Windows 11 in S Mode, Star Black, L510KA-ES04","$779.99","Laptop",4.1,"1,170","ASUS 15.6” Vivobook Go Laptop, Intel Dual Core N4500, 4GB RAM, 128GB SSD, Windows 11 in S Mode, Star Black, L510KA-ES04"
"95","5. Lenovo V15 Newest 15.6"" FHD Business Laptop Computer, Intel Dual-Core Processor, 32GB DDR4 RAM, 1TB PCIe SSD, AC WiFi, Bluetooth 5.1, RJ-45, Type-C, HDMI, Numeric Keypad, Windows 11 Pro, Befectoy","$379.00","Laptop",4.8,"50","Lenovo V15 Newest 15.6"" FHD Business Laptop Computer, Intel Dual-Core Processor, 32GB DDR4 RAM, 1TB PCIe SSD, AC WiFi, Bluetooth 5.1, RJ-45, Type-C, HDMI, Numeric Keypad, Windows 11 Pro, Befectoy"
"96","6. ASUS Chromebook CX1, 14"" FHD, Intel® Celeron N4500 Processor, 64GB Storage, 4GB RAM, ChromeOS, Transparent Silver, CX1400CKA-AS44F","$499.99","Laptop",4.1,"477","ASUS Chromebook CX1, 14"" FHD, Intel® Celeron N4500 Processor, 64GB Storage, 4GB RAM, ChromeOS, Transparent Silver, CX1400CKA-AS44F"
"97","7. ASUS 2024 Vivobook Go 11.6” HD Laptop, Intel Dual Core N4500, Intel Graphics, 4GB, 128GB, Windows 11 Home in S Mode, Star Black, L210KA-ES04","$279.99","Laptop",4.1,"728","ASUS 2024 Vivobook Go 11.6” HD Laptop, Intel Dual Core N4500, Intel Graphics, 4GB, 128GB, Windows 11 Home in S Mode, Star Black, L210KA-ES04"
"98","8. 15.6"" FHD IPS Business Laptop, 32GB RAM 1TB SSD, AMD Ryzen 5(Beat i3-1215U, 4 Cores Up to 3.7GHz), 65W Type-C, 2 Years Warranty, Fingerprint, Backlit Keyboard, Wi-Fi 5, BT5.2, Numpad","$321.99","Laptop",4.5,"13","15.6"" FHD IPS Business Laptop, 32GB RAM 1TB SSD, AMD Ryzen 5(Beat i3-1215U, 4 Cores Up to 3.7GHz), 65W Type-C, 2 Years Warranty, Fingerprint, Backlit Keyboard, Wi-Fi 5, BT5.2, Numpad"
"99","9. Apple 2024 MacBook Air 13-inch Laptop with M3 chip: Built for Apple Intelligence, 13.6-inch Liquid Retina Display, 16GB Unified Memory, 256GB SSD Storage, Backlit Keyboard, Touch ID; Midnight","$331.55","Laptop",4.5,"347","Apple 2024 MacBook Air 13-inch Laptop with M3 chip: Built for Apple Intelligence, 13.6-inch Liquid Retina Display, 16GB Unified Memory, 256GB SSD Storage, Backlit Keyboard, Touch ID; Midnight"
"100","10. HP 17 Laptop, 17.3"" HD+ Touchscreen Display, 12th Gen Intel Core i7-1255U, 64GB RAM, 2TB SSD, Webcam, HDMI, SuperSpeed USB Ports, Wi-Fi 6, Windows 11 Home, Silver","$469.00","Laptop",4.3,"403","HP 17 Laptop, 17.3"" HD+ Touchscreen Display, 12th Gen Intel Core i7-1255U, 64GB RAM, 2TB SSD, Webcam, HDMI, SuperSpeed USB Ports, Wi-Fi 6, Windows 11 Home, Silver"
"101","11. HP 14 inch Laptop, HD Display, 12th Generation Intel Core i3-1215U, 8 GB RAM, 256 GB SSD, Intel UHD Graphics, Windows 11 Home in S Mode, 14-dq5009nr (2024)","$219.99","Laptop",4.2,"301","HP 14 inch Laptop, HD Display, 12th Generation Intel Core i3-1215U, 8 GB RAM, 256 GB SSD, Intel UHD Graphics, Windows 11 Home in S Mode, 14-dq5009nr (2024)"
"102","12. HP Lastest 255 G10 15.6"" FHD Business Laptop, AMD Ryzen 7 7730U (64GB RAM | 2T SSD), Numeric Keypad, Webcam, Window 11 Pro, MS Office Pro 2024","$289.60","Laptop",4.9,"14","HP Lastest 255 G10 15.6"" FHD Business Laptop, AMD Ryzen 7 7730U (64GB RAM | 2T SSD), Numeric Keypad, Webcam, Window 11 Pro, MS Office Pro 2024"
"103","13. 15.6 FHD IPS Laptop Computer Student, 16GB RAM 1TB SSD, 4-Cores Pentium N100 (Up to 3.4GHz), Backlit Keyboard, Fingerprint, 2 Years Warranty, Win 11","$359.00","Laptop",5,"2","15.6 FHD IPS Laptop Computer Student, 16GB RAM 1TB SSD, 4-Cores Pentium N100 (Up to 3.4GHz), Backlit Keyboard, Fingerprint, 2 Years Warranty, Win 11"
"104","14. ASUS Vivobook Go 15.6” Laptop, AMD Ryzen 5 7520U, 8GB, 512GB, Windows 11 Home, Cool Silver, E1504FA-AS54","$179.00","Laptop",4.3,"205","ASUS Vivobook Go 15.6” Laptop, AMD Ryzen 5 7520U, 8GB, 512GB, Windows 11 Home, Cool Silver, E1504FA-AS54"
"105","15. HP Portable Laptop, Student and Business, 14"" HD Display, Intel Quad-Core N4120, 8GB DDR4 RAM, 64GB eMMC, 1 Year Office 365, Webcam, RJ-45, HDMI, Wi-Fi, Windows 11 Home, Silver","$209.99","Laptop",4.1,"1,765","HP Portable Laptop, Student and Business, 14"" HD Display, Intel Quad-Core N4120, 8GB DDR4 RAM, 64GB eMMC, 1 Year Office 365, Webcam, RJ-45, HDMI, Wi-Fi, Windows 11 Home, Silver"
"106","16. Acer Nitro V Gaming Laptop | Intel Core i5-13420H Processor | NVIDIA GeForce RTX 4050 Laptop GPU | 15.6"" FHD IPS 144Hz Display | 8GB DDR5 | 512GB Gen 4 SSD | WiFi 6 | Backlit KB | ANV15-51-51H9","$199.99","Laptop",4.4,"1,194","Acer Nitro V Gaming Laptop | Intel Core i5-13420H Processor | NVIDIA GeForce RTX 4050 Laptop GPU | 15.6"" FHD IPS 144Hz Display | 8GB DDR5 | 512GB Gen 4 SSD | WiFi 6 | Backlit KB | ANV15-51-51H9"
"107","17. acer Gateway Chromebook 311 CBO311-1H-C1MX Laptop | Intel Celeron N4500 | 11.6"" HD (1366 x 768) Display | 4GB LPDDR4X | 64GB eMMC | Wi-Fi 5 802.11ac | Chrome OS | Star Black","$429.99","Laptop",4.5,"10,277","acer Gateway Chromebook 311 CBO311-1H-C1MX Laptop | Intel Celeron N4500 | 11.6"" HD (1366 x 768) Display | 4GB LPDDR4X | 64GB eMMC | Wi-Fi 5 802.11ac | Chrome OS | Star Black"
"108","18. NIMO 15.6 FHD Laptop, Intel 6-Cores i3-1215U, 32GB RAM, 1TB SSD, (Beat i5-1135G7, Up to 4.4GHz), 65W Type-C, Fingerprint, Backlit Keyboard, IPS Business Laptop, Wi-Fi 6, Numpad, Win 11","$599.99","Laptop",4.3,"163","NIMO 15.6 FHD Laptop, Intel 6-Cores i3-1215U, 32GB RAM, 1TB SSD, (Beat i5-1135G7, Up to 4.4GHz), 65W Type-C, Fingerprint, Backlit Keyboard, IPS Business Laptop, Wi-Fi 6, Numpad, Win 11"
"109","19. Lenovo IdeaPad 1 Student Laptop, Intel Dual Core Processor, 20GB RAM, 1TB SSD + 128GB eMMC, 15.6"" FHD Display, 1 Year Office 365, Windows 11 Home, Wi-Fi 6, Webcam, Bluetooth, SD Card Reader, Grey","$572.38","Laptop",4.1,"883","Lenovo IdeaPad 1 Student Laptop, Intel Dual Core Processor, 20GB RAM, 1TB SSD + 128GB eMMC, 15.6"" FHD Display, 1 Year Office 365, Windows 11 Home, Wi-Fi 6, Webcam, Bluetooth, SD Card Reader, Grey"
"110","20. NIMO 17.3 FHD IPS Business Gaming Laptop, 8-Cores AMD Ryzen9 Pro 6950H 680M Video(Beat i9-10900, up to 4.9GHz), 32GB DDR5, 1TB SSD, 100W Type C, Fingerprint, 2 Years Warranty, WiFi 6, Win 11","$779.99","Laptop",4.9,"10","NIMO 17.3 FHD IPS Business Gaming Laptop, 8-Cores AMD Ryzen9 Pro 6950H 680M Video(Beat i9-10900, up to 4.9GHz), 32GB DDR5, 1TB SSD, 100W Type C, Fingerprint, 2 Years Warranty, WiFi 6, Win 11"
"111","21. Acer Aspire Go 15 Slim Laptop | 15.6"" Full HD IPS 1080P Display | Intel Core i3-N305| Intel UHD Graphics | 8GB LPDDR5 | 128GB HD | Wi-Fi 6 | AI PC | Windows 11 Home in S Mode | AG15-31P-3947","$149.00","Laptop",4.2,"1,376","Acer Aspire Go 15 Slim Laptop | 15.6"" Full HD IPS 1080P Display | Intel Core i3-N305| Intel UHD Graphics | 8GB LPDDR5 | 128GB HD | Wi-Fi 6 | AI PC | Windows 11 Home in S Mode | AG15-31P-3947"
"112","22. HP Stream 14"" HD BrightView Laptop, Intel Celeron N4120, 16GB RAM, 288GB Storage (128GB eMMC + 160GB Docking Station Set), Intel UHD Graphics, 720p Webcam, Wi-Fi, 1 Year Office 365, Win 11 S, Silver","$199.99","Laptop",4.4,"2,007","HP Stream 14"" HD BrightView Laptop, Intel Celeron N4120, 16GB RAM, 288GB Storage (128GB eMMC + 160GB Docking Station Set), Intel UHD Graphics, 720p Webcam, Wi-Fi, 1 Year Office 365, Win 11 S, Silver"
"113","23. Lenovo IdeaPad 1 Student Laptop, 15.6"" FHD Display, Intel Dual Core Processor, 12GB RAM, 512GB SSD + 128GB eMMC, 1 Year Office 365, Wi-Fi 6, Webcam, Bluetooth, SD Card Reader, Windows 11 Home, Grey","$399.99","Laptop",4.2,"343","Lenovo IdeaPad 1 Student Laptop, 15.6"" FHD Display, Intel Dual Core Processor, 12GB RAM, 512GB SSD + 128GB eMMC, 1 Year Office 365, Wi-Fi 6, Webcam, Bluetooth, SD Card Reader, Windows 11 Home, Grey"
"114","24. ASUS ROG Strix G16 (2024) Gaming Laptop, 16” 16:10 FHD 165Hz Display, NVIDIA® GeForce RTX™ 4060, Intel Core i7-13650HX, 16GB DDR5, 1TB PCIe Gen4 SSD, Wi-Fi 6E, Windows 11, G614JV-AS74","$549.99","Laptop",4.3,"1,454","ASUS ROG Strix G16 (2024) Gaming Laptop, 16” 16:10 FHD 165Hz Display, NVIDIA® GeForce RTX™ 4060, Intel Core i7-13650HX, 16GB DDR5, 1TB PCIe Gen4 SSD, Wi-Fi 6E, Windows 11, G614JV-AS74"
"115","25. ASUS Vivobook Go 15.6” FHD Slim Laptop, AMD Ryzen 3 7320U Quad Core Processor, 8GB DDR5 RAM, 128GB SSD, Windows 11 Home, Fast Charging, Webcam Sheild, Mixed Black, E1504FA-AS33","$322.15","Laptop",4.1,"262","ASUS Vivobook Go 15.6” FHD Slim Laptop, AMD Ryzen 3 7320U Quad Core Processor, 8GB DDR5 RAM, 128GB SSD, Windows 11 Home, Fast Charging, Webcam Sheild, Mixed Black, E1504FA-AS33"
"116","26. HP Newest 255 G10 Laptop for Home or Work, 16GB RAM, 1TB SSD, 15.6"" Full HD, Ryzen 3 7330U (Beat Intel i5-1135G7), Ethernet Port, HDMI, USB-C, Windows 11 Pro, Business and Fun Ready (2024)","$379.00","Laptop",4.2,"134","HP Newest 255 G10 Laptop for Home or Work, 16GB RAM, 1TB SSD, 15.6"" Full HD, Ryzen 3 7330U (Beat Intel i5-1135G7), Ethernet Port, HDMI, USB-C, Windows 11 Pro, Business and Fun Ready (2024)"
"117","27. 15.6'' FHD IPS Business Gaming Laptop, 6-Cores AMD Ryzen 5 6600H, 32GB DDR5 RAM 1TB SSD(Beat i5-12450H, Up to 4.5GHz), 100W Type-C, 6-Cores 660M GPU, Fingerprint, Backlit Keyboard, Numpad","$639.00","Laptop",4.5,"21","15.6'' FHD IPS Business Gaming Laptop, 6-Cores AMD Ryzen 5 6600H, 32GB DDR5 RAM 1TB SSD(Beat i5-12450H, Up to 4.5GHz), 100W Type-C, 6-Cores 660M GPU, Fingerprint, Backlit Keyboard, Numpad"
"118","28. Dell Inspiron Touchscreen Laptop, 15.6"" Business & Student Laptop Computer, Windows 11 Pro Laptop 32GB RAM 1TB SSD, Intel i5-1155G7 Processor, Full HD IPS Display, Numeric Keypad, HDMI, Carbon Black","$960.70","Laptop",4.2,"88","Dell Inspiron Touchscreen Laptop, 15.6"" Business & Student Laptop Computer, Windows 11 Pro Laptop 32GB RAM 1TB SSD, Intel i5-1155G7 Processor, Full HD IPS Display, Numeric Keypad, HDMI, Carbon Black"
"119","29. HP 14"" Ultral Light Laptop for Students and Business, Intel Quad-Core, 8GB RAM, 192GB Storage(64GB eMMC+128GB Ghost Manta SD Card), 1 Year Office 365, USB C, Win 11 S","$265.99","Laptop",4,"1,855","HP 14"" Ultral Light Laptop for Students and Business, Intel Quad-Core, 8GB RAM, 192GB Storage(64GB eMMC+128GB Ghost Manta SD Card), 1 Year Office 365, USB C, Win 11 S"
"120","30. HP 15.6 FHD Flagship Business Laptop Computer, 32GB RAM, 1TB PCIe SSD, 12th Gen Intel 10 Cores i5-1235U (Beat i7-1195G7), Iris Xe Graphics, Bluetooth, HDMI, WiFi 5, Win 11 Pro, w/GM Accessories","$299.99","Laptop",4.6,"4","HP 15.6 FHD Flagship Business Laptop Computer, 32GB RAM, 1TB PCIe SSD, 12th Gen Intel 10 Cores i5-1235U (Beat i7-1195G7), Iris Xe Graphics, Bluetooth, HDMI, WiFi 5, Win 11 Pro, w/GM Accessories"
"121","1. Check each product page for other buying options. Price and other details may vary based on product size and color.","$234.97","GamingChair",4.4,"14,950","Check each product page for other buying options. Price and other details may vary based on product size and color."
"122","2. GTPLAYER Gaming Chair, Computer Chair with Footrest and Lumbar Support, Height Adjustable Game Chair with 360°-Swivel Seat and Headrest and for Office or Gaming (White)","$290.99","GamingChair",4.2,"1,524","GTPLAYER Gaming Chair, Computer Chair with Footrest and Lumbar Support, Height Adjustable Game Chair with 360°-Swivel Seat and Headrest and for Office or Gaming (White)"
"123","3. Homall Gaming Chair, Video Game Chair with Footrest and Massage Lumbar Support, Ergonomic Computer Chair Height Adjustable with Swivel Seat and Headrest (White)","$143.05","GamingChair",4.3,"787","Homall Gaming Chair, Video Game Chair with Footrest and Massage Lumbar Support, Ergonomic Computer Chair Height Adjustable with Swivel Seat and Headrest (White)"
"124","4. N-GEN Video Gaming Chair with Footrest High Back Ergonomic Comfortable Office Computer Desk with Lumbar Support Height Adjustable with PU Leather Recliner for Adults Women Men (Black)","$156.75","GamingChair",4.4,"3,096","N-GEN Video Gaming Chair with Footrest High Back Ergonomic Comfortable Office Computer Desk with Lumbar Support Height Adjustable with PU Leather Recliner for Adults Women Men (Black)"
"125","5. N-GEN Video Gaming Computer Chair Ergonomic Office Chair Desk Chair with Lumbar Support Flip Up Arms Adjustable Height Swivel PU Leather Executive with Wheels for Adults Women Men (Black)","$76.49","GamingChair",4.6,"22","N-GEN Video Gaming Computer Chair Ergonomic Office Chair Desk Chair with Lumbar Support Flip Up Arms Adjustable Height Swivel PU Leather Executive with Wheels for Adults Women Men (Black)"
"126","6. N-GEN GAMING Video Gaming Chair with Footrest High Back Ergonomic Comfortable Office Computer Desk with Lumbar Support Height Adjustable with PU Leather Recliner for Adults Women Men (Black)","$89.99","GamingChair",4.4,"214","N-GEN GAMING Video Gaming Chair with Footrest High Back Ergonomic Comfortable Office Computer Desk with Lumbar Support Height Adjustable with PU Leather Recliner for Adults Women Men (Black)"
"127","7. GTRACING Gaming Chair with Footrest, Ergonomic Computer Game Desk Chair, Reclining Gamer Chair Seat Height Adjustment, Swivel Rocker with Headrest and Lumbar (Navy Blue)","$94.98","GamingChair",4.3,"75,955","GTRACING Gaming Chair with Footrest, Ergonomic Computer Game Desk Chair, Reclining Gamer Chair Seat Height Adjustment, Swivel Rocker with Headrest and Lumbar (Navy Blue)"
"128","8. Homall Gaming Chair, Office Chair High Back Computer Chair Leather Desk Chair Racing Executive Ergonomic Adjustable Swivel Task Chair with Headrest and Lumbar Support (White)","$129.99","GamingChair",4.4,"579","Homall Gaming Chair, Office Chair High Back Computer Chair Leather Desk Chair Racing Executive Ergonomic Adjustable Swivel Task Chair with Headrest and Lumbar Support (White)"
"129","9. DUMOS Ergonomic Computer Gaming Chair - Home Office Desk with PU Leather Lumbar Support, Height Adjustable Big and Tall Video Game with Flip-up Armrest, Swivel Wheels for Adults and Teens","$119.98","GamingChair",4.4,"562","DUMOS Ergonomic Computer Gaming Chair - Home Office Desk with PU Leather Lumbar Support, Height Adjustable Big and Tall Video Game with Flip-up Armrest, Swivel Wheels for Adults and Teens"
"130","10. Goplus Gaming Chair, Massage Office Chair Computer Gaming Racing Chair, High Back PU Leather Adjustable Arms Headrest Ergonomic Reclining Game Chair, Rolling Swivel Executive Chair","$179.98","GamingChair",4.3,"1,704","Goplus Gaming Chair, Massage Office Chair Computer Gaming Racing Chair, High Back PU Leather Adjustable Arms Headrest Ergonomic Reclining Game Chair, Rolling Swivel Executive Chair"
"131","11. ECOTOUGE PC Gaming Chair with Headrest and Lumbar Pillow Massage Ergonomic Office Desk Chair Racing PU Leather Recliner Swivel Rocker, Black & Blue","$89.98","GamingChair",4.1,"698","ECOTOUGE PC Gaming Chair with Headrest and Lumbar Pillow Massage Ergonomic Office Desk Chair Racing PU Leather Recliner Swivel Rocker, Black & Blue"
"132","12. Shahoo Footrest and Massage Lumbar Support, Video Game Chairs Height Adjustable Seat with Headrest for Office or Bedroom, Study Room, Blue","$145.98","GamingChair",4.3,"2,684","Shahoo Footrest and Massage Lumbar Support, Video Game Chairs Height Adjustable Seat with Headrest for Office or Bedroom, Study Room, Blue"
"133","13. GTPLAYER Gaming Chair with Footrest, Big and Tall Game Chair 350lb Racing Style Computer Chair, Ergonomic Executive Office Chair High Back with Lumbar Support and Recliner, Gray","$119.98","GamingChair",4.4,"10,299","GTPLAYER Gaming Chair with Footrest, Big and Tall Game Chair 350lb Racing Style Computer Chair, Ergonomic Executive Office Chair High Back with Lumbar Support and Recliner, Gray"
"134","14. Best Choice Products Swivel Gaming Chair 360 Degree Multipurpose Floor Chair Rocker for TV, Reading, Playing Video Games w/Lumbar Support, Armrest Handles, Adjustable Foldable Backrest - Black/Blue","$179.98","GamingChair",4.4,"9,538","Best Choice Products Swivel Gaming Chair 360 Degree Multipurpose Floor Chair Rocker for TV, Reading, Playing Video Games w/Lumbar Support, Armrest Handles, Adjustable Foldable Backrest - Black/Blue"
"135","15. LEMBERI Gaming Chairs with Footrest,Ergonomic Video Game Chairs for Adults,Big and Tall Chair 400lb Weight Capacity, Racing Style Computer Gamer Chair with Headrest and Lumbar Support","$101.15","GamingChair",5,"2","LEMBERI Gaming Chairs with Footrest,Ergonomic Video Game Chairs for Adults,Big and Tall Chair 400lb Weight Capacity, Racing Style Computer Gamer Chair with Headrest and Lumbar Support"
"136","16. Swivel Gaming Floor Chair - Enjoy 6 Different Positions, Adjustable Lumbar Support, Removable Polyester Cover & Arm Rests, Folds to Store, Stylish Blue with Black Center Stripe","$119.00","GamingChair",4.2,"37,793","Swivel Gaming Floor Chair - Enjoy 6 Different Positions, Adjustable Lumbar Support, Removable Polyester Cover & Arm Rests, Folds to Store, Stylish Blue with Black Center Stripe"
"137","17. BestOffice PC Gaming Chair Ergonomic Office Chair Desk Chair with Lumbar Support Flip Up Arms Headrest PU Leather Executive High Back Computer Chair for Adults Women Men (White)","$94.98","GamingChair",4.4,"1,279","BestOffice PC Gaming Chair Ergonomic Office Chair Desk Chair with Lumbar Support Flip Up Arms Headrest PU Leather Executive High Back Computer Chair for Adults Women Men (White)"
"138","18. Big and Tall Gaming Chair 350lbs-Racing Style Computer Gamer Chair,Ergonomic Desk Office PC Chair with Wide Seat, Reclining Back, Adjustable Armrest for Adult Teens-Black/Grey","$123.34","GamingChair",4.4,"22,165","Big and Tall Gaming Chair 350lbs-Racing Style Computer Gamer Chair,Ergonomic Desk Office PC Chair with Wide Seat, Reclining Back, Adjustable Armrest for Adult Teens-Black/Grey"
"139","19. BestOffice High-Back Gaming Chair PC Office Chair Computer Racing Chair PU Desk Task Chair Ergonomic Executive Swivel Rolling Chair with Lumbar Support for Back Pain Women, Men,White","$71.99","GamingChair",4.4,"3,745","BestOffice High-Back Gaming Chair PC Office Chair Computer Racing Chair PU Desk Task Chair Ergonomic Executive Swivel Rolling Chair with Lumbar Support for Back Pain Women, Men,White"
"140","20. RESPAWN 900 Gaming Recliner - Video Games Console Recliner Chair, Computer Recliner, Adjustable Leg Rest and Recline, Recliner with Cupholder, Reclining Gaming Chair with Footrest - Gray","$79.99","GamingChair",4.5,"12,754","RESPAWN 900 Gaming Recliner - Video Games Console Recliner Chair, Computer Recliner, Adjustable Leg Rest and Recline, Recliner with Cupholder, Reclining Gaming Chair with Footrest - Gray"
"141","21. GTRACING Gaming Chair with Footrest Speakers Video Game Chair Bluetooth Music Heavy Duty Ergonomic Computer Office Desk Chair Red","$107.99","GamingChair",4.5,"1,604","GTRACING Gaming Chair with Footrest Speakers Video Game Chair Bluetooth Music Heavy Duty Ergonomic Computer Office Desk Chair Red"
"142","22. GTPLAYER Gaming Chair, Computer Office Chair with Pocket Spring Cushion, Linkage Armrests and Footrest, High Back Ergonomic Computer Chair with Lumbar Support Task Chair with Footrest","$135.99","GamingChair",4.1,"63","GTPLAYER Gaming Chair, Computer Office Chair with Pocket Spring Cushion, Linkage Armrests and Footrest, High Back Ergonomic Computer Chair with Lumbar Support Task Chair with Footrest"
"143","23. DUMOS Gaming Chair Office Chair Flip-up Armrest Chair with Soft Padded Height Adjustable Desk Chair Computer Chair with Lumbar Support for Gaming, Working, Grey","$69.99","GamingChair",5,"1","DUMOS Gaming Chair Office Chair Flip-up Armrest Chair with Soft Padded Height Adjustable Desk Chair Computer Chair with Lumbar Support for Gaming, Working, Grey"
"144","24. Goplus Gaming Chair, Computer Chair with Footrest and Lumbar Support, Height Adjustable Executive Swivel Rolling Task Chair with 90°-155° Tilt Function (Green)","$75.99","GamingChair",4.5,"358","Goplus Gaming Chair, Computer Chair with Footrest and Lumbar Support, Height Adjustable Executive Swivel Rolling Task Chair with 90°-155° Tilt Function (Green)"
"145","25. OLIXIS Computer Gaming Desk Chair Big and Tall Ergonomic Comfy Lumbar Support with Flip-up Armrest and 360° Swivel Wheels, PU Leather Height Adjustable, for Home and Office, Adults, Black-red","$104.99","GamingChair",5,"10","OLIXIS Computer Gaming Desk Chair Big and Tall Ergonomic Comfy Lumbar Support with Flip-up Armrest and 360° Swivel Wheels, PU Leather Height Adjustable, for Home and Office, Adults, Black-red"
"146","26. Dowinx Fabric Gaming Chair with Heated Massage Lumbar Support, Breathable Fabric Tall Gaming Chair with Footrest and Pocket Spring Cushion, High Back Gamer Chair for Adult, Black","$113.99","GamingChair",4.4,"1,152","Dowinx Fabric Gaming Chair with Heated Massage Lumbar Support, Breathable Fabric Tall Gaming Chair with Footrest and Pocket Spring Cushion, High Back Gamer Chair for Adult, Black"
"147","27. Dowinx Gaming Chair Breathable Fabric Computer Chair with Pocket Spring Cushion, Comfortable Office Chair with Gel Pad and Storage Bag,Massage Game Chair with Footrest,Green","$159.99","GamingChair",4.4,"805","Dowinx Gaming Chair Breathable Fabric Computer Chair with Pocket Spring Cushion, Comfortable Office Chair with Gel Pad and Storage Bag,Massage Game Chair with Footrest,Green"
"148","28. Sweetcrispy Computer Gaming Desk Chair - Ergonomic PU Leather with Comfy Lumbar Support, Height Adjustable Rolling Desk with Flip-up Armrests, for Home and Office","$84.99","GamingChair",3.8,"3,527","Sweetcrispy Computer Gaming Desk Chair - Ergonomic PU Leather with Comfy Lumbar Support, Height Adjustable Rolling Desk with Flip-up Armrests, for Home and Office"
"149","29. YSSOA Gaming Chair with Footrest, Big and Tall Gamer Chair, Racing Style Adjustable Swivel Office Chair, Ergonomic Video Game Chairs with Headrest and Lumbar Support","$129.99","GamingChair",4.3,"19,430","YSSOA Gaming Chair with Footrest, Big and Tall Gamer Chair, Racing Style Adjustable Swivel Office Chair, Ergonomic Video Game Chairs with Headrest and Lumbar Support"
"150","30. BestOffice Ergonomic Office, PC Gaming Chair Cheap Desk Chair Executive PU Leather Computer Chair Lumbar Support with Footrest Modern Task Rolling Swivel Chair for Women, Men(White)","$84.05","GamingChair",4.5,"9,488","BestOffice Ergonomic Office, PC Gaming Chair Cheap Desk Chair Executive PU Leather Computer Chair Lumbar Support with Footrest Modern Task Rolling Swivel Chair for Women, Men(White)"
