"","Category","ProductName","Reviewer","Date","Title","Comment","StarRating","VerifiedPurchase"
"1","watch","Amazon Essentials Men's Digital Chronograph Black Resin Strap Water Resistant Watch","Fly","Reviewed in the United States on November 20, 2024","","Great price has a hourly chime and alarm.",5,NA
"2","watch","Amazon Essentials Men's Digital Chronograph Black Resin Strap Water Resistant Watch","Laure J","Reviewed in the United States on October 17, 2023","","My son is really happy with this watch. He wears it for work and pretty much everywhere he goes. It has a chunky face and is a substantial watch. All the functions work, too. It's a great watch for the money.",5,NA
"3","watch","Amazon Essentials Men's Digital Chronograph Black Resin Strap Water Resistant Watch","Waluigi Time!","Reviewed in the United States on June 11, 2024","Work watch","I love this watch! Stylish, Rugged, and easily fits larger wrists. All the features I could want at an amazing price! My only criticism would be getting it set up is not the most intuitive process out there, hang on to the directions. It‚Äôs a little difficult to navigate the various functions the watch offers.",5,NA
"4","watch","Amazon Essentials Men's Digital Chronograph Black Resin Strap Water Resistant Watch","Kali","Reviewed in the United States on October 13, 2023","","Watch seems okay but I can't figure out how to get it out of the time-setting mode?  I have pushed each of the four buttons and held them down for several seconds but either the  house or minutes keep flashing???  Can someone enlighten me?",4,NA
"5","watch","Amazon Essentials Men's Digital Chronograph Black Resin Strap Water Resistant Watch","agronyc","Reviewed in the United States on February 12, 2023","","Full stop, hands down, Lux stack....Yes, Lux...for less than 20 bucks - you will not find a better Deal on a Watch!Looks Amazing, Functions exactly as described, water resistant (as described)Plastic, but feels very solid and sturdy ....and actually has a nice weight to the watch overall (for a plastic watch this means alot)The Look is trendy (chunky plastic watches are ""in"", also looks hi-tek (reminds me of a watch Neo would have in the Matrix movies), it looks easily readable, the EL light is as you can see, very awesome!Really, IMHO, very attractive overall.  Along with being fully functional as noted above.I said this is a Lux watch...Yes,  for less then 20 dollars.Think about that.In today's tulmultuous times, this is the perfect way to keep your time.In conclusion, a watch that belongs in every watch collection.",5,NA
"6","watch","Amazon Essentials Men's Digital Chronograph Black Resin Strap Water Resistant Watch","agronyc","Reviewed in the United States on July 27, 2024","Works great!","Needed a watch that could take some abuse at work and not break the bank. Perfect. It's easy to see, takes it's licks and is extremely great value.",5,NA
"7","watch","Amazon Essentials Men's Digital Chronograph Black Resin Strap Water Resistant Watch","Chris","Reviewed in the United States on July 13, 2024","","Product arrived in a timely manner.  Took a while to figure out the day, i.e., Friday, Saturday...  Can't seem to change the date, which is off by one day.  Still testing.  UPDATE:  In less than six months the watch died.  I went to change the battery and it went downhill from there. Once I pulled the plastic from the battery to change it nothing worked.  I had purchased a fresh pack of 2025 so I know it wasn't the new battery.",5,NA
"8","watch","Amazon Essentials Men's Digital Chronograph Black Resin Strap Water Resistant Watch","sa","Reviewed in the United States on August 25, 2024","","This is a real beater and in my opinion is it a legit replacement for a G-Shock. It has all the usual features (stop watch, alarm, date) and it is easy to read as well as comfortable to wear. Do be aware that the watch is huge and bulky, you are not gonna win any fashion contests with this.The cons of this watch are fairly small and simple but they are significant enough to make it lose 2 stars from my rating. The first and most important issue is the manual. I tried searching for it online and it is impossible to find, if you lose it you are SOL so I have taken the trouble of taking pictures of it and putting them in this review in case some helpless soul comes to this page looking for the manual.The second issue is that the watch has this thing on its display (marked with red in the last picture) that seems to be tied to the seconds but I have no idea what it does. The manual doesn't even acknowledge its existence and frankly it takes a significant portion of the display real state.Other than it is a really good watch. The light is bright, the strap is comfy, it looks like something the Navy SEALS would wear while raiding Bin Laden. I'd recommend it.Edit: Amazon scrambled all of the pictures and messed up the order. Amazing work Amazon.",1,NA
"9","watch","Amazon Essentials Men's Digital Chronograph Black Resin Strap Water Resistant Watch","Yasser C.","Reviewed in Canada on November 19, 2023","The Watch I‚Äôve been looking for","i order it for my nephew and he love it",3,NA
"10","watch","Amazon Essentials Men's Digital Chronograph Black Resin Strap Water Resistant Watch","Yasser C.","Reviewed in Canada on November 19, 2023","","Tr√®s bonne montre",3,NA
"11","watch","Amazon Essentials Men's Digital Chronograph Black Resin Strap Water Resistant Watch","Pooja","Reviewed in Canada on August 21, 2023","","",5,NA
"12","watch","Amazon Essentials Men's Digital Chronograph Black Resin Strap Water Resistant Watch","Emmanuel ouellet","Reviewed in Canada on November 15, 2021","HELP!!!","Working well so far",5,NA
"13","watch","Amazon Essentials Men's Digital Chronograph Black Resin Strap Water Resistant Watch","Buyer832","Reviewed in Canada on October 2, 2023","","I love this watch. It was easy to set the time and the light function is great in the dark. Such a good replacement for the old watch I used to have.",5,NA
"14","watch","Amazon Essentials Men's Digital Chronograph Black Resin Strap Water Resistant Watch","Cirrus",NA,"","As usual with Chinese equipment the instructions are poor.",5,NA
"15","watch","Amazon Essentials Men's Digital Chronograph Black Resin Strap Water Resistant Watch","Robert Taylor",NA,"Pound for pound, the Very Best Amazon Watch that Amazon has to Offer! (and they offer alot!)",NA,4,NA
"16","watch","Smart Watch for Women Answer/Make Calls, 1.9 HD Fitness Watch with Heart Rate Monitor Sleep Monitor","Humais","Reviewed in the United States on November 17, 2024","","This Smart Watch for Men and Women is fantastic! It‚Äôs easy to use, and the touch screen is smooth and responsive. The fitness tracking features are accurate and helpful for tracking my steps, heart rate, and workouts. The battery lasts a long time, so I don‚Äôt have to charge it every day. I love how it looks sleek and stylish, matching any outfit. It‚Äôs also waterproof, so I can wear it while swimming or in the rain. The notifications for calls and messages are super convenient. Setup was quick, and it synced with my phone easily. Overall, it‚Äôs a great value and a perfect all-in-one watch!",5,NA
"17","watch","Smart Watch for Women Answer/Make Calls, 1.9 HD Fitness Watch with Heart Rate Monitor Sleep Monitor","Tyler","Reviewed in the United States on November 2, 2024","","I recently purchased the Smart Watch for Men Women and I must say I am thoroughly impressed with its performance and features. The 1.96"" HD display is crystal clear and easy to navigate, making it a delight to use. The fitness tracking capabilities are top-notch, accurately monitoring my heart rate, sleep patterns, and various sports activities. I love how it reminds me to move when I've been sitting for too long and tracks my steps throughout the day. The fact that it is IP68 waterproof is a huge bonus, as I can wear it even during my swimming sessions. The ability to answer and make calls directly from the watch is incredibly convenient, and the call quality is surprisingly good. Overall, this smartwatch has exceeded my expectations and I would highly recommend it to anyone looking for a reliable and feature-rich wearable device.",5,NA
"18","watch","Smart Watch for Women Answer/Make Calls, 1.9 HD Fitness Watch with Heart Rate Monitor Sleep Monitor","Winston L","Reviewed in the United States on October 21, 2024","Excellent!!","We've had quite a few different watches come through our house including Fitbits, Apple watches, and some lesser known fitness watches.This is a wider style watch and it somewhat resembles an Apple Watch.¬† At a much lower price, the build as expected is much lighter.Pros:Battery life is extremely long.¬† I'm used to an Apple Watch that can make it through the day, but needs daily charging.¬† This watch after wearing for a full day is still at 4 bars.The advantage of having a long battery life is that one can reliably use it for sleep monitoring.¬† I couldn't do that with the Apple Watch since it would always need charging overnight.Very large, bright and clear display - It can show time, date, temperature, heart rate, steps, calories, and mileage all on the main screen.Band is comfortable with 16 notches to adjust (compared to 7 on an Apple watch band).Straight forward set-up through an app on the phone (Glory Fit).Fitness tracking is similar to the Apple Watch.¬† I wore two watches for a day (this one and the Apple Watch) just to see how they differed.¬† Very close in overall steps and heart rate.Has a few simple non-fitness capabilities - messages display, stopwatch, calculator, control music on the phoneCons:Limited capabilities beyond that of fitness functionsOverall, if you're looking for a watch for mainly timekeeping, fitness, and sleep capabilities, this is a really solid value.",5,NA
"19","watch","Smart Watch for Women Answer/Make Calls, 1.9 HD Fitness Watch with Heart Rate Monitor Sleep Monitor","Winston L","Reviewed in the United States on November 13, 2024","","I wanted to wait a little to really try this product before I posted a review. I got this for my sister who has an android phone, it works wonders. In her case she speaks Spanish only and we were able to change the language with no issue, you are able to connect it with your phone, answer phone calls, accurately check your heart rate, track your steps and so much more. Very easy to use and the battery life is great, she is in school all day and works out too and doesn‚Äôt need to be charged till 2 days after. Size is perfect for her and looks just like Apple Watch.",5,NA
"20","watch","Smart Watch for Women Answer/Make Calls, 1.9 HD Fitness Watch with Heart Rate Monitor Sleep Monitor","Karen D'Agostino","Reviewed in the United States on October 14, 2024","","This watch is wonderful.  It is large, colorful, has many options, a comfortable watch band, and is sleek enough that I could definitely wear it with my work clothes.  The only issue was discovered by my wife - no blood pressure reader- which is an important feature for my family.  So, until that is resolved, I have to go elsewhere.  Please resolve and I will be back.  This was an excellent smartwatch that I really wanted to keep.",5,NA
"21","watch","Smart Watch for Women Answer/Make Calls, 1.9 HD Fitness Watch with Heart Rate Monitor Sleep Monitor","Karen D'Agostino","Reviewed in the United States on October 11, 2024","Exceptional Smart Watch - A Great Investment for Health and Fitness Enthusiasts!","This watch promises more than it delivers.  It purports to measure your pulse, but I find it seriously inaccurate.  The values are all over the place, from 50 BPM to over 130 BPM.  There is no way I could have been at 130 BPM without my knowing it - I'd have been gasping for breath.  I doubt my pulse ever gets down to 50 BPM, either.  I'm just not that laid back.The manufacturer says that for greater accuracy you need to wear the watch more tightly om your wrist.  When I tried that I found that my skin couldn't breathe, which caused it to become irritated.  So the values are just going to be inaccurate.It doesn't seem to know when I go to sleep, either.  Often before I turn in, I read for a bit.  At such times I am immobile, so the watch thinks I'm sleeping.  If I have to get up to pee in the night, the watch thinks I've gotten up for 20-40 minutes or so.It purports to measure blood oxygen saturation levels, which for all I know it might be doing.  I have never found any use for that particular function.It annoyingly is connected to my phone such that when I get a call, my watch starts making a lot of noise.  I have not yet found the way to stop this.  The instructions are inadequate.  This is highly annoying, because almost every call is spam.One feature that seems to work well is its keeping track of my steps.  That's useful, and is a reminder to me to keep walking.  Once upon a time I had a pedometer that I used.  That's all it did - measure my steps.  I wanted that.  So if this watch did nothing more, I would still like it as a pedometer.Overall I am disappointed in this watch.  I probably wouldn't buy it again.  I might recommend it to someone I didn't like.",5,NA
"22","watch","Smart Watch for Women Answer/Make Calls, 1.9 HD Fitness Watch with Heart Rate Monitor Sleep Monitor","Rugby Hawk","Reviewed in Germany on November 24, 2024","","Ich bin wirklich begeistert von dieser rosefarbenen Smartwatch. Sie sieht nicht nur schick aus, sondern f√ºhlt sich auch hochwertig an ‚Äì fast wie bei teuren Marken, nur viel erschwinglicher. Der Akku h√§lt bei mir mehrere Tage durch, und dank der Schnellladefunktion ist sie blitzschnell wieder einsatzbereit. Besonders praktisch finde ich die Funktionen wie Gesundheits-Tracking, Benachrichtigungen und die M√∂glichkeit, die Zifferbl√§tter anzupassen. Egal ob beim Sport oder zu besonderen Anl√§ssen ‚Äì sie passt einfach immer und funktioniert zuverl√§ssig. F√ºr mich die perfekte Kombination aus Qualit√§t, Stil und Preis!",4,NA
"23","watch","Smart Watch for Women Answer/Make Calls, 1.9 HD Fitness Watch with Heart Rate Monitor Sleep Monitor","Baruch","Reviewed in Italy on November 16, 2024","","",3,NA
"24","watch","Smart Watch for Women Answer/Make Calls, 1.9 HD Fitness Watch with Heart Rate Monitor Sleep Monitor","MM","Reviewed in the United Kingdom on October 13, 2024","Good value for a fitness and sleep watch","Davvero un bell'orologio, comodo ed elegante. Ha tante funzioni disponibili, semplici da capire ed utilizzare, dalle telefonate, ai messaggi, alle funzioni legata all'attivit√† fisica e tante altre. Si pu√≤ usare in acqua, molto resistente e performante. Anche l'app associata √® carina ed √® facile da usare. Ottimo rapporto qualit√†-prezzo. Super consigliato",5,NA
"25","watch","Smart Watch for Women Answer/Make Calls, 1.9 HD Fitness Watch with Heart Rate Monitor Sleep Monitor","Mirko","Reviewed in Spain on October 5, 2024","","",5,NA
"26","watch","Smart Watch for Women Answer/Make Calls, 1.9 HD Fitness Watch with Heart Rate Monitor Sleep Monitor","Mirko","Reviewed in Italy on November 15, 2024","","This watch is amazing! I wanted a watch that could monitor my heart beat. I had previously purchased a very expensive watch for around ¬£150 but it wouldn't pick up my heart beat so I returned it. I saw this watch on offer for ¬£23 so thought I would try it as it had some fantastic reviews. Within about 5 seconds of wearing it, it picked up my heart beat and appears to accurately monitor it throughout the day. You can set the watch to check for a low or high heart beat too, and it will buzz if either of these are reached. It also does my blood oxygen. I have been on a bit of an exercise mission so I wear my watch on my daily walks, and it accurately tracks my steps. I have connected it to the app on my phone (which is used to set up the watch and record information - which was really easy to do) so I can use my watch to read any text messages I receive as well as messages through other apps. The main watch face displays the time, date, weather, how much charge is left, number of steps, number of calories burnt, heart beat, and number of km travelled. You can also make and receive calls from the watch. You can set a workout such as cycling, walking, running etc. It can also track your sleep (which I haven't tried as I don't like sleeping with a watch on). You can use it as an audio device to play music. It has an alarm clock on it, stopwatch, timer, torch, a sytem to find your phone, a remote camera and calculator. It holds its charge really well. I am currently on day 3 after charging it and it is registering as 63% charged. I 100% recommend this watch to anyone. I'm sure there are watches out there that do far more, but it already has more functions than I will actually use, so I am more than happy with it. I also find it really easy to use and navigate.",5,NA
"27","watch","Smart Watch for Women Answer/Make Calls, 1.9 HD Fitness Watch with Heart Rate Monitor Sleep Monitor","Alfiedog2015",NA,"Nothing to envy more expensive brands","Este es el mejor reloj inteligente que he tenido hasta ahora. Es c√≥modo, atractivo y funciona bien, con una bater√≠a de larga duraci√≥n que se carga f√°cilmente con su cable de carga magn√©tico. Simplemente conecte el conector USB a un cargador est√°ndar y el otro extremo se conecto magn√©ticamente al reloj.El reloj tiene todas las funciones habituales, como los latidos del coraz√≥n, el ox√≠geno en sangre, los pasos, la fecha, el tiempo que va hacer, alarmas etc.La configuraci√≥n se realiz√≥ f√°cilmente descargando la aplicaci√≥n ¬´GloryFit¬ª para Android y se conect√≥ autom√°ticamente despu√©s de introducir mis datos personales en el tel√©fono.Es resistente al agua, para m√≠ es importante, porque siempre se me olvida quit√°rmelo para fregar o ducharme, con este reloj ese olvido no importa.Una caracter√≠stica interesante es que la pantalla se enciende cuando levantas el brazo si lo deseas y la hora de visualizaci√≥n se puede ajustar en incrementos de 5 segundos.En general, este reloj inteligente  tiene una buena relaci√≥n calidad-precio.",5,NA
"28","watch","Smart Watch for Women Answer/Make Calls, 1.9 HD Fitness Watch with Heart Rate Monitor Sleep Monitor","Cristobalina Carrasco Moreno",NA,"","",5,NA
"29","watch","Smart Watch for Women Answer/Make Calls, 1.9 HD Fitness Watch with Heart Rate Monitor Sleep Monitor","Mattia Granatiero",NA,"","Il Togala Smartwatch ha davvero migliorato la mia routine quotidiana e i miei allenamenti. In palestra √® stato utilissimo per monitorare i tempi di recupero tra una serie e l‚Äôaltra, rendendo i miei esercizi pi√π mirati ed efficienti. Con oltre 113 modalit√† sportive, c‚Äô√® sempre quella giusta per ogni attivit√†. √à anche incredibilmente leggero: non si sente nemmeno al polso, il che lo rende perfetto da indossare tutto il giorno. Il design elegante si adatta perfettamente sia agli allenamenti che a un‚Äôuscita serale, rendendolo ideale in ogni situazione. Lo schermo ampio e luminoso permette di tenere sotto controllo il sonno e il battito cardiaco con precisione. Aggiungiamo la possibilit√† di effettuare e rispondere alle chiamate, l‚Äôimpermeabilit√† IP68 e la compatibilit√† con Android e iOS, ed √® chiaro che questo smartwatch √® un acquisto eccellente!",5,NA
"30","watch","OLEVS Men Watch,Big Dial Watches for Men Stainless Steel","Preston Appelman","Reviewed in the United States on November 18, 2024","","I bought this watch and it proved itself. The quality is very good. The colors are very vibrant. The battery has lasted a very, very long time. I‚Äôll be definitely buying more.",5,NA
"31","watch","OLEVS Men Watch,Big Dial Watches for Men Stainless Steel","CeCe","Reviewed in the United States on July 18, 2023","","I don't know where to review the tracking process so I will do it here. I just love the fact that they list stop by stop where your order is. I ordered this for my son for his graduation present and was very excited to give it to him. I was able to see how many stops the driver had before he got to me which allowed me to not only have a better idea of its arrival time, but I was also able to enjoy a buildup of excitement as it got closer and closer.As for the quality of the product ~ both my son and I are very impressed and more than satisfied with the watch so far. I was very trepidatious as so many items, especially jewelry items, look stunning, gorgeous, beautiful, high quality in the pictures online and are nothing short of utterly disappointing when you get them. This watch renewed my belief that there are honest sellers out there. I will say that we just got the watch today so this is purely about the initial presentation and look of the watch.So, the packaging was super nice, high-end quality. Each piece (bands, watchface) were separately wrapped in nice, thick plastic to protect from scratching. The boxes (box for watch & slip cover outer box) were great quality (you know, so many companie's packaging falls apart at barely a touch, which makes me wonder about the quality of what's inside). Thorough, grammatically correct (mostly) directions included; also had tools for taking out links along with fairly easy to follow pictured & written directions. We did have to use a separate pin with a head (like tailors use to mark hem points) to push out the pins bcz the one included bent.One thing I really appreciate is that the company said they are there anytime and to please let them know of any issues. Usually companies do all they can to make it as hard as possible to be contacted.I couldn't stop looking at the watch! It DEFINITELY looks SO MUCH MORE expensive than it was! And the workings move like a Rolex (smoothly), not jumpy like the workings of normal watches. Even my husband remarked on how ""Rolexey"" it looked. I ordered the all black watch.Again, we've only just gotten it, but if the initial presentation is any indicator of its performance, WE'VE GOT A WINNER!!",5,NA
"32","watch","OLEVS Men Watch,Big Dial Watches for Men Stainless Steel","Fury1300","Reviewed in the United States on May 10, 2024","Amazing","Ok for the price looks good but it feels cheap, but I've have it for a few months and still works  great. Looks more expensive but you know it's a cheap watch I'd give it a 4 star only cause it looks good and so far it works great, hopefully battery life it's decent,  I'll keep it",4,NA
"33","watch","OLEVS Men Watch,Big Dial Watches for Men Stainless Steel","Aaron Lozano","Reviewed in the United States on November 15, 2024","","Good time and looks goods, people like it",5,NA
"34","watch","OLEVS Men Watch,Big Dial Watches for Men Stainless Steel","Jim B","Reviewed in the United States on August 10, 2024","","I returned this watch the next day after receiving it.  It was very attractive and I hope it would work as advertised.  The watch came in shrink wrapped plastic that was very tough to removed. I feared damaging the watch.  I set it then tried some of its features.  The stopwatch worked but it did not reset to the zero position properly.  The 24 hour time indicator was off by one hour.  The rotating bezel had black lacquer on it that was tender to the touch.  A fingernail could have damaged it and a very small nick had already started out of the box.  If everything had worked properly I would have kept it for the money spent.  I guess you get what you pay for so I am now shopping for a higher quality watch.",1,NA
"35","watch","OLEVS Men Watch,Big Dial Watches for Men Stainless Steel","Chops","Reviewed in the United States on September 2, 2024","Tracking Process & Quality of Product","Unable to adjust the watch to my wrist because of the fragile tools and super tight links. Not only did it break my screws but it would also bend my tools even when I used one of the best watch tools. I gave up on these watches because I had such a difficult time removing the links out of the watch. I enjoyed the reflection of the light on my new watch despite it being light weight. It was a nice.",3,NA
"36","watch","OLEVS Men Watch,Big Dial Watches for Men Stainless Steel","Albert Viglione","Reviewed in the United States on April 7, 2024","","You will not be able to beat the price for a very good looking watch.  It‚Äôs automatic so there‚Äôs no need of replacing batteries or winding it each day.  I‚Äôve had it for one week and it‚Äôs almost perfect in not losing more than a few seconds each day.  I‚Äôve yet to adjust the time on it.  The only complaint if you can call it a complaint is sizing it to fit small wrists by removing watch band links.  Probably better to take it to a watch repair shop and have them do it for you.  But all in all‚Ä¶..I love this watch and highly recommend it.  And for an additional $3.99 you can get a 2 year repair service warranty.",5,NA
"37","watch","OLEVS Men Watch,Big Dial Watches for Men Stainless Steel","Jake Andersen","Reviewed in the United States on November 30, 2024","","I bought it because I thought it was a more affordable option than Invicta but looked like one. I've neen asked more than once if I was wearing a rolex. I guess they look similar.",5,NA
"38","watch","OLEVS Men Watch,Big Dial Watches for Men Stainless Steel","Alx serrano","Reviewed in Mexico on November 28, 2023","Looks better than it feels","Igualito al de la imagen y lleg√≥ super bien sin ning√∫n detalle excelente",5,NA
"39","watch","Smart Watch for Women Men, Alexa Built-in, Answer/Make Calls, 1.83 Fitness Tracker Watch with Heart Rate Monitor","Alysa Osowski","Reviewed in the United States on September 29, 2024","","First off, I've only used the watch for less than a day. That being said, I am pretty satisfied with it. It was super easy to set up and connect to my phone. So far it hasn't disconnected for any reason. Its pretty comfortable (I haven't worn a watch in years), easy to read the screen. It looks good, doesn't seem to big or anything like that. I like that I can set drink water reminders. It seems accurate in the health tracking as far as I can tell. I did notice the step counting does/can get a little wonky if you're shaking your arm alot. I was sitting in bed while fixing my sheets and blankets and it gave me about 50 steps, but I don't think it's that bad seeing as I personally don't typically just shake my arms. Overall I am pretty satisfied with the watch nd the price. I plan on using it permanently.",5,NA
"40","watch","Smart Watch for Women Men, Alexa Built-in, Answer/Make Calls, 1.83 Fitness Tracker Watch with Heart Rate Monitor","Alysa Osowski","Reviewed in the United States on November 27, 2024","","It's a comfortable watch. Features are good. Alexa is so slow. Quality is fine. Audio is good. Overall 3.5/5.",5,NA
"41","watch","Smart Watch for Women Men, Alexa Built-in, Answer/Make Calls, 1.83 Fitness Tracker Watch with Heart Rate Monitor","Surya","Reviewed in the United States on October 25, 2024","Satisfied so far","I love my health tracker watch. It's pink which is pretty for a girl and it was relatively inexpensive. It keeps great track of my steps and the time I exercise. It keeps track of my stress. It keeps track of my heart rate which is extremely important. I actually bought a second one so I be prepared in case the first one stopped working.",4,NA
"42","watch","Smart Watch for Women Men, Alexa Built-in, Answer/Make Calls, 1.83 Fitness Tracker Watch with Heart Rate Monitor","Pink Monkey","Reviewed in the United States on November 11, 2024","","This is a great watch for the price.  I got it mainly to track my steps and it works perfect.  It only needs charging once a week.  I am very happy with this purchase.",5,NA
"43","watch","Smart Watch for Women Men, Alexa Built-in, Answer/Make Calls, 1.83 Fitness Tracker Watch with Heart Rate Monitor","Bayerngirl","Reviewed in the United States on November 4, 2024","","I decided to take a chance on this product as it said ""Amazon Recommends"". I did read reviews and saw that there were some issues, but didn't see anything related to this but maybe I missed it. Anyhow, the watch is as described. It does sync up with your phone easily. However it just won't connect to Alexa, I keep getting a java error. I've taken two calls through it, while the phone calls worked perfectly- I think the placement of the speaker affects the quality. Ie; can't hear sometimes while I'm moving because the speaker moves too close to my wrist and gets muffled. As this was my first foray into smartwatch territory, I don't know if this is typical placement for wrist speaker or not. The step counter seemed to be reasonably accurate, but the calorie counter was way out in left field it was so wrong. Oh, also I was disappointed that there are only 3 (very generic) watchface options. I did write a letter to customer support but have not heard back yet. I'll probably end up returning this item for a refund.",5,NA
"44","watch","Smart Watch for Women Men, Alexa Built-in, Answer/Make Calls, 1.83 Fitness Tracker Watch with Heart Rate Monitor","K. Casey","Reviewed in the United States on October 12, 2024","It's a good for the price","When I first got this watch I thought it was great. Issues began only a few days later. First, the step tracker is completely inaccurate (which is the reason I bought this in the first place). It randomly deducted 1000 steps regularly and there was no way to fix this. Second, the charger is horribly designed. It‚Äôs almost always loose which means the watch isn‚Äôt charging. Third, the watch randomly stopped working in the middle of my workout. It was fully charged btw. I was lifting so it‚Äôs not like I was in water or excessively sweating like in cardio. I tried doing a hard reset and charging it but nothing worked. That was the last straw for me.I bought this mainly to track my steps and workouts but it was not effective. I would not recommend. The call feature is alright if you care for that sort of thing.Finally, if you have a small wrist, I would not recommend. The band is very long and will most likely not fit you.",1,NA
"45","watch","Smart Watch for Women Men, Alexa Built-in, Answer/Make Calls, 1.83 Fitness Tracker Watch with Heart Rate Monitor","Ali Armeghan Majeed","Reviewed in the United States on October 17, 2024","","This is a very nice smartwatch so far. I haven't had any issue. The battery time is good. The fit on my wrist is very good. The instructions to learn to use the watch were easy to comprehend. It's a nice everyday watch to have.",3,NA
"46","watch","Smart Watch for Women Men, Alexa Built-in, Answer/Make Calls, 1.83 Fitness Tracker Watch with Heart Rate Monitor","Renee","Reviewed in the United States on October 16, 2024","","The watch is very pretty however the Alexa feature is horrible. When I ask Alexa to set a timer, or ask about the weather conditions it does not understand. It always losing connection. I will not recommend buying this watch as functionality is mediocre. Don't spend your money with this product. I will be returning it since it does not work as advertised",5,NA
"47","watch","Smart Watch for Women Men, Alexa Built-in, Answer/Make Calls, 1.83 Fitness Tracker Watch with Heart Rate Monitor","Maria Ducasse","Reviewed in Canada on November 29, 2024","Health tracker watch","Exactly as shown, easy to set up and use, customizable.",2,NA
"48","watch","Smart Watch for Women Men, Alexa Built-in, Answer/Make Calls, 1.83 Fitness Tracker Watch with Heart Rate Monitor","Maria Ducasse","Reviewed in Mexico on October 30, 2024","","Ya active las notificaciones y no me llega las notificaciones de redes sociales ni whatsaap",2,NA
"49","watch","Smart Watch for Women Men, Alexa Built-in, Answer/Make Calls, 1.83 Fitness Tracker Watch with Heart Rate Monitor","Jennifer Sintnicolaas","Reviewed in France on November 25, 2024","","",5,NA
"50","watch","Smart Watch for Women Men, Alexa Built-in, Answer/Make Calls, 1.83 Fitness Tracker Watch with Heart Rate Monitor","erika","Reviewed in the United Kingdom on November 25, 2024","Great watch","Montre connect√© parfait pour une premi√®re montre connect√© satisfaite de mon achat",3,NA
"51","watch","Smart Watch for Women Men, Alexa Built-in, Answer/Make Calls, 1.83 Fitness Tracker Watch with Heart Rate Monitor","cynthia oster","Reviewed in Belgium on November 25, 2024","","",5,NA
"52","watch","Smart Watch for Women Men, Alexa Built-in, Answer/Make Calls, 1.83 Fitness Tracker Watch with Heart Rate Monitor","DW",NA,"","I considered getting an apple watch and thought ‚Äòlet me try a cheaper version first‚Äô. I absolutely love this little watch. It does a great job counting my steps and even telling me how well I slept. The ‚Äòstress‚Äô function can be improved because it sort of failed to detect multiple anxiety attacks üòÇ but it does great with what I need.Batterly lasts about a week which is also great and charges fast.",5,NA
"53","watch","Smart Watch for Women Men, Alexa Built-in, Answer/Make Calls, 1.83 Fitness Tracker Watch with Heart Rate Monitor","DW",NA,"Won't connect to Alexa","Tr√®s bon achat .",5,NA
"54","watch","Smart Watch for Women Men, Alexa Built-in, Answer/Make Calls, 1.83 Fitness Tracker Watch with Heart Rate Monitor","Laetitia",NA,"","",5,NA
"55","watch","Casio Illuminator AE1500WH Series","D.W. D.","Reviewed in the United States on October 25, 2024","","I have 3 colors of this watch. It‚Äôs very comfortable, and the display is awesome. Big numbers. Looks like a G-Shock. If you want a watch to tell time, provide an alarm and use as a timer/stopwatch that‚Äôs easy to see, buy it. The light works fine. I have the grey with the negative display, and it‚Äôs easy to read too. Also have the tan. I wish the black and tan were available in negative display but they still look good the way they come. Great watch..great price..great battery life. Pick a color and buy it.",5,NA
"56","watch","Casio Illuminator AE1500WH Series","Dru Ha","Reviewed in the United States on July 30, 2023","","I have used my cell phone instead of a watch since about 2001.  Decided to start wearing cheap, quartz watches again because I often find myself without my cell phone within reach at rehearsals, recording sessions, lawn-mowing, or work from home situations. Picked up a few Timexes and Casios around the same time. So far, I like this model the best for general use. The size of the time display is so easy to read that I have already started preferring it to comparable analog models.  I will mostly be looking to buy digital watches like this with big, simple displays from now on.I‚Äôm not James Bond, in spite of what you may have heard. I don‚Äôt want an expensive watch on my wrist that might make me a potential target for theft/robbery downtown or on a subway. If I get some paint on this one or it breaks while I‚Äôm trying to remove an oil filter, it would be no great loss.Use is fairly intuitive and it hasn‚Äôt lost or gained time in the few weeks I‚Äôve owned it, unlike a Timex expedition analog model I got at the same time. After only a couple of weeks, the analog Timex expedition has lost about ten seconds already, which I admit I was surprised by.The only complaint I could possibly make about this watch is that the two LED‚Äôs are quite poor in comparison to Timex‚Äôs indiglo or the backlight used on much more expensive G-Shock models. But for how cheap and functional this model is, that is a completely unfair comparison. The lights work perfectly fine for me to see if I wake up in the middle of the night but can‚Äôt roll/reach over to check my phone due to a sleeping dog contorting my legs at the foot of the bed. Or if I fall asleep on the couch.I have mostly avoided getting it wet up until now, but I did accidentally leave it in the bathroom with the shower running a couple of times and no condensation formed on the inside of the face at all even though there was plenty of water vapor in the room. I also leave it on when washing my hands with no ill-effects.I‚Äôm very impressed by how simple and functional this watch is. These cheap, digitals are light years ahead of the Timex Ironman I owned as a kid. But it should be said- that $25-$35 Ironman I bought sometime around 1995 went body boarding, surfing, in the pool with me, and I showered with it on. That thing was basically water-PROOF and never had an issue in water less than 20ft. deep. I swam in Atlantic/East-Coast hurricanes with that thing and it even got tossed around in the salty surf with me. Also used it to time lap-swimming in Olympic-sized pools. I do not have the same confidence in this model, though I have no real rationale for that.The rubber strap was very uncomfortable on the old Ironman models and used to cause some really annoying, visible, skin irritation. I found G-shock straps of that era to be almost just as bad. That is not the case with these modern Casio polymer straps.I also despise those weird circles Casio, Armitron, etc. put on watch faces and take up a quarter of the face of the watch. This watch has NONE of that BS going on. The info on the watch face is SO bold and easy to read that I would definitely prefer it to all the G-shocks with those damned, senseless circles taking up so much of the display. PV cells excluded because they actually do serve a purpose. But here‚Äôs my view on all that: if the watch battery lasts even close to ten years, it will already outlast the battery/operation of the solar-powered, $150 G-Shock I once owned by a factor of YEARS. So I would still prefer this because legibility is far more important to me than photovoltaics.After a few weeks getting used to wearing a watch again for the first time in twenty years, I‚Äôve really appreciated not having to dig my cell phone out of my pocket just to check the time/date. A weirdly subtle difference I would never have thought would matter.  But it does. I‚Äôm starting to really like Casios!I also like the hourly chime because otherwise I get lost and completely lose track of time while recording/producing. That could only backfire if the chime goes off in the vocal booth and ruins a take. Hasn‚Äôt happened yet, though.I‚Äôm also glad they make it in the desert-sand/beige color because I‚Äôm fair skinned so it doesn‚Äôt look like a giant thing on my wrist.At some point or other I will wake up exhausted and forget to take it off before I get in the shower. At that point I will update this review if water penetrates the buttons/gaskets/seals.Again, I am in disbelief at how excellent this watch is for the price. I hope they never discontinue this model until an identical ‚Äú20 Year Battery‚Äù model is available.  But by then we‚Äôll no doubt have flying cars, rocket-skates, jet packs, and digital, tattooed watches with veinous, indiglo epidermis.  Or more than the current, standard-issue, two to three computer chips implanted into in our visual cortex at birth.Just pick the color you like and buy the damned thing!",5,NA
"57","watch","Casio Illuminator AE1500WH Series","Lissy","Reviewed in the United States on September 13, 2024","Great basic watch..","I like watches. I have an Apple Watch and another stainless steel ‚Äúdress‚Äù watch.I wanted a watch I could wear when working out, or doing something physical that wasn‚Äôt going to buzz at me every 8 seconds and tell me what a good boy I was for taking 5 steps and remind me to breathe.Also, I think Apple Watches are great, but they‚Äôre a little bloated with useless features that, at the end of the day, I‚Äôve never really used.I wanted something simple, easy to read, and able to take a beating. I wanted basic tactical features (like dual time zones, stop watch, alarms, timer, a clear second display, a light)This watch is easily comparable to the ‚ÄúG-Shock‚Äù.Not only does it do everything I want it to do, it looks incredible. It‚Äôs very stylish. Very clear, easy to read display at a glance and it fits great (I‚Äôm a guy, 5‚Äô7‚Äù with a small wrist circumference and got the ‚Äústandard‚Äù size)I‚Äôve tested the display light in the dark and it works great. Easily readable.Build quality seems excellent. Seems to be sturdy and durable. Doesn‚Äôt feel or look cheap by any means.Haven‚Äôt tested the water resistance yet but I don‚Äôt doubt it‚Äôs going to be fine.And finally, the price. The price is unbelievable for what you get. For the $20-25 price point you get way more features and value than you‚Äôd expect.Highly recommend!",5,NA
"58","watch","Casio Illuminator AE1500WH Series","Lissy","Reviewed in the United States on November 28, 2024","","",5,NA
"59","watch","Casio Illuminator AE1500WH Series","J35U5 SAV3S","Reviewed in the United States on September 17, 2024","","The media could not be loaded.",4,NA
"60","watch","Casio Illuminator AE1500WH Series","J35U5 SAV3S","Reviewed in the United States on October 27, 2024","Very nice, GIANT display! Best model I‚Äôve seen in the price-range.","This watch is very tactical, and very nice. I like it, very basic. Very nice for the money I paid, good value. It seems scratch resistant and durable, and the time is pretty accurate too.One con: it did take some YouTube videos to make the alarms stop (I bought a used one and it came with alarms). But over very nice, basic, I‚Äôm glad I bought it. Also, I like the backlight. It‚Äôs the first watch I got with this kind of backlight. It‚Äôs easy to use the timer, stopwatch, and whatever. It comes with alarms, and even a time setting for a different time zone! That‚Äôs new, I never had a watch like that. Overall, I like it",4,NA
"61","watch","Casio Illuminator AE1500WH Series","JRC","Reviewed in Canada on November 13, 2024","","This is a great digital watch with a very large and easy to read display.It‚Äôs a Casio, so you know that it‚Äôs rugged and reliable.In fact, it keeps better time than watches costing thousands of dollars.The watch isn‚Äôt big on features but I really only need it for telling time .It has an outstanding price too and since it‚Äôs a Casio I expect that it will provide many years of excellent service.I have several at her Casio watches including expensive G-Shock models.The G‚Äôs are cool and they look great but I really don‚Äôt need all of their features.Also, those big watches  can be heavy and cumbersome on your wrist.Plus, this is the easiest to read Casio I have ever seen.If I could only have a single Casio watch, this is the one I‚Äôd pick.Highly, highly recommended .",5,NA
"62","watch","Casio Illuminator AE1500WH Series","Refined Raven","Reviewed in Brazil on November 12, 2024","","Tells date and time, great battery, large size makes super easy to see and read. Looks great on wrist. Battery lasts for 7 years. At this price can't go wrong with this.",5,NA
"63","watch","Casio Illuminator AE1500WH Series","Quique","Reviewed in Brazil on November 4, 2024","Stylish tactical watch at an unbeatable price!","Color is a light cream, not white. Watch quality is great, and should last a long time.",5,NA
"64","watch","Casio Illuminator AE1500WH Series","Pedro A.","Reviewed in Mexico on October 15, 2024","","",5,NA
"65","watch","Casio Illuminator AE1500WH Series","Pedro A.","Reviewed in Mexico on October 11, 2024","","The media could not be loaded.",5,NA
"66","watch","Casio Illuminator AE1500WH Series","Cliente",NA,"Very nice tactical watch","√â um rel√≥gio muito bom, boas funcionalidades e realmente a prova d'√°gua. J√° tomei banho algumas vezes com ele.",5,NA
"67","watch","Casio Illuminator AE1500WH Series","yasir a.",NA,"","",5,NA
"68","watch","Casio Illuminator AE1500WH Series","Miguel A.",NA,"","e funcional",5,NA
"69","watch","Fossil Grant Men's Watch with Chronograph or Automatic Display and Genuine Leather or Stainless Steel Band","Michael F.","Reviewed in the United States on November 16, 2024","","This watch gives you a great impression! Very nice looking, easy to read, and comfortable. Love the dial, like the white background, and even the brown Band is nice and soft and comfortable. Looks like the crystal is very well made too! Scratch resistant. I have another fossil in a different model and it's been excellent for over 10 years now. They are accurate, and look more high-line and expensive than they are. Great size and functionality, has glow in darkness feature.",5,NA
"70","watch","Fossil Grant Men's Watch with Chronograph or Automatic Display and Genuine Leather or Stainless Steel Band","Michael F.","Reviewed in the United States on November 14, 2024","","I paid 64 for this because it was on sale I don‚Äôt think I would spend the full price. This watch is ver nice and the chronograph works very well",5,NA
"71","watch","Fossil Grant Men's Watch with Chronograph or Automatic Display and Genuine Leather or Stainless Steel Band","Matthew","Reviewed in the United States on November 1, 2024","Looks are everything!","I have really liked this watch since I got it in 2018 (sorry, I reserve ""love"" for people). Several people have commented very favorably about its looks for the same reason I was drawn to it: classic looking watch, not flashy/ostentatious. If I lose or break it, or the watch stops working, I'll likely be looking for this model again.",5,NA
"72","watch","Fossil Grant Men's Watch with Chronograph or Automatic Display and Genuine Leather or Stainless Steel Band","kevin","Reviewed in the United States on April 19, 2024","","I purchased the Fossil Grant Men‚Äôs watch with a chronograph display for my significant other, and it has quickly become his favorite accessory. From its classic design to its impressive functionality, this watch is truly a standout piece.The first thing that caught my eye was the stunning dial, which adds a unique and stylish touch to the traditional Grant design. It‚Äôs the perfect balance of elegance and modernity, making it suitable for any occasion.The chronograph display not only adds a practical element to the watch but also gives it a sporty edge that my significant other loves. Whether he‚Äôs timing laps at the track or simply keeping track of the time during a busy day, the chronograph feature comes in handy.The quality of the watch is evident in every detail, from the durable stainless steel case to the comfortable blue leather strap. It feels substantial on the wrist without being too heavy, and the craftsmanship is top-notch.But perhaps the best part of all is seeing the smile on my significant other‚Äôs face whenever he wears this watch. It‚Äôs clear that he truly loves it, and that‚Äôs the best endorsement I could ask for.Overall, I highly recommend the Fossil Grant Men‚Äôs watch to anyone in search of a stylish and reliable timepiece. Whether you‚Äôre buying it for yourself or as a gift for someone special, you can‚Äôt go wrong with this beautiful watch.",5,NA
"73","watch","Fossil Grant Men's Watch with Chronograph or Automatic Display and Genuine Leather or Stainless Steel Band","Rumana","Reviewed in the United States on October 16, 2024","","Just a good basic watch. Pretty versatile, could wear semi-casual with a button up shirt, to business formal with a suit. Nothing too fancy, but decent quality for the sale price. I paid $65 for the black band and bought another one with the brown band for $75. Fair prices, I wouldn‚Äôt pay more for that with this one. And they are different enough that it‚Äôs not the exact same watch with different bands either, the dial is not the same between the different variations, which is goodOnly drawback is it‚Äôs a little boring, but boring isn‚Äôt always bad. If you don‚Äôt want your watch to domineer your outfit and you‚Äôre not necessarily trying to make a bold statement or stand out all that much this is a nice one. It‚Äôs not cheap looking,  but won‚Äôt wow anyone either. Just a nice respectable basic watch for different occasions",5,NA
"74","watch","Fossil Grant Men's Watch with Chronograph or Automatic Display and Genuine Leather or Stainless Steel Band","JayBird23","Reviewed in the United States on November 23, 2024","Very good watch but I got it on sale","The watch looks good and feels high quality.",4,NA
"75","watch","Fossil Grant Men's Watch with Chronograph or Automatic Display and Genuine Leather or Stainless Steel Band","Amazon Customer","Reviewed in the United States on November 19, 2024","","This is exactly as it shows.  It tells time well and looks good.  Good starter watch.",5,NA
"76","watch","Fossil Grant Men's Watch with Chronograph or Automatic Display and Genuine Leather or Stainless Steel Band","Amazon Customer","Reviewed in the United States on November 20, 2024","","Watch design is very nice. Fits nice and snugly on your wrist. Nice look to it as well",5,NA
"77","watch","Fossil Grant Men's Watch with Chronograph or Automatic Display and Genuine Leather or Stainless Steel Band","ELLIS","Reviewed in Mexico on November 24, 2024","Great Watch!","Llego en buenas condiciones, est√° barato y es un buen regalo",5,NA
"78","watch","Fossil Grant Men's Watch with Chronograph or Automatic Display and Genuine Leather or Stainless Steel Band","FR","Reviewed in Mexico on November 5, 2024","","",5,NA
"79","watch","Fossil Grant Men's Watch with Chronograph or Automatic Display and Genuine Leather or Stainless Steel Band","Alfredo","Reviewed in Mexico on July 17, 2024","","",5,NA
"80","watch","Fossil Grant Men's Watch with Chronograph or Automatic Display and Genuine Leather or Stainless Steel Band","Alfredo","Reviewed in the United Arab Emirates on November 25, 2024","A Timepiece that Elicits Joy!","",5,NA
"81","watch","Fossil Grant Men's Watch with Chronograph or Automatic Display and Genuine Leather or Stainless Steel Band","Abraham Borboa","Reviewed in Belgium on November 4, 2024","","Llego con la caja abierta pero es porque la caja del reloj se abre con mucha facilidad, as√≠ que debi√≥ haber sido por parte de la paqueter√≠a, pero el reloj est√° excelente y aparte se ve muy bien.",5,NA
"82","watch","Fossil Grant Men's Watch with Chronograph or Automatic Display and Genuine Leather or Stainless Steel Band","sajithvgs",NA,"","",5,NA
"83","watch","Fossil Grant Men's Watch with Chronograph or Automatic Display and Genuine Leather or Stainless Steel Band","Client d'Amazon",NA,"Nice basic watch","Very good Quality product and worth for money",5,NA
"84","watch","Timex Men's Expedition Scout 40mm Watch","Stephen Korthals","Reviewed in the United States on September 11, 2024","","There's a lot to be happy about with this watch.  It's got a nice weight, the color scheme (especially the orange second hand) is gorgeous.  The case is a brushed grey, a little lighter than gunmetal.  Simple and sleek! Can't remember the last time I had a watch with indiglo - love that! The watch brand seems like a decent quality leather band - it does take time to break in though, which I'd expect will lend to durability long term.Only minor downside is the lume on the hour/min hands is pretty weak.  But doesn't seem all that necessary when you have the indiglo lighting up the dial in low light.Time and Date setting was a breeze - pretty standard for anything with a crown.",5,NA
"85","watch","Timex Men's Expedition Scout 40mm Watch","Chris D","Reviewed in the United States on February 10, 2016","","I haven't been wearing watches for several years but when I saw this I just had to have it.  In a world where there are clocks on our phones, our tablets, our laptops and computers I asked myself why do I need a watch? I pretty much summed it up as this. Wearing a watch is a classy, manly thing and I really did miss wearing a watch everyday.  So let's start again with a new watch. Besides, I now don't find myself digging in my pocket for my phone when someone asks me what time is it or when I need to look to see if my if I am running on time to a secret meeting with another covert operative for beers.This Timex has a classic design, with a rugged looking band that appears to be easily replaced down the road. I've only had it less than a week. But it feels like I have been wearing it for much longer than 5 days. I barely notice this on my wrist until I see it peeking out from my shirt sleeve or when I need to check the time. It has a solid feel to it but it doesn't feel heavy or cumbersome. I used to have a bad habit of catching watches on door frames while walking through doorways but I have yet to have this issue with this watch. Perhaps that might change when short sleeve weather comes around?The canvas style band is something new to me and I will have to get used to latching it. With one hole the band is too loose on my wrist and the next hole the band is almost too tight. I do not fault the watch for that small issue. After all, we are all built differently. Will the band stretch in time like my previous watches with leather bands or will it retain its current size? Perhaps in a few weeks or months I will know the answer to that question. As far as looks are concerned it has a classic military look and a rugged feel but by no means does it look like I'm trying to be tacticool. It is classic enough to be worn in the office, casually or in the park or at the beach. You could probably dress this up with a nice leather band for more formal office occasions or situations. But that is just a guess. It was instantly noticed by a few guys at work the first day I wore it into the office. Could it be that they are used to seeing me without a watch or just that it had a nice appeal to it? My wife likes the way it looks on me too. In other words, she didn't dismiss it as some trendy accessory and had nice things to say about the price.What about the Indiglo? Well in the dark it is easily readable. In somewhat dim light the hands seem to reflect enough light they they blend into the background and can be hard to see. But it is easier read without the indiglo in those situations. I really like the yellow seconds hand too. not too bright and just subtle enough to stick out of the black background. Does it keep accurate time? Since I set it after opening the box it appears to keep accurate time. It matches time with my Citizen, Fossil watches as well as my iPhone. If it loses any time I have yet to notice.What about the loud ticking? I don't hear it unless I put the watch up to my ear then it makes an audible tick. I have yet to hear it sitting on the nightstand next to my bed or even while wearing it. I have yet to get it wet, sweaty, dirty or banged up. But give me time, it will happen, I assure you. We will see if it stands up to regular daily use after I give it a thorough going over. I think with the classic styling of this watch it will look just as good with nicks and scratches as it does brand new. I am sure to add pictures and a follow up review down the road. I really like this watch and hope it takes a licking and keeps on ticking.",5,NA
"86","watch","Timex Men's Expedition Scout 40mm Watch","K.S.","Reviewed in the United States on November 2, 2024","Quality for the price!","The Expedition Scout is an affordable quartz field watch. I found the strap comfortable and enjoy the simple design of the dial. The activatable backlight illuminates the whole dial surface (so you don't have to rely on lume plots) and is very readable in the dark. I was solidly satisfied with this purchase at first.However, 1 major downside to this watch is that the movement inside is LOUD. In a quiet room, you can absolutely hear the watch ticking on your wrist. You can even hear the watch ticking across a reasonably sized room if it's quiet, such as on your bedroom dresser at night. I found how audible the ticks are to be annoying enough where it detracts from the wearing experience.As my return window has passed, I will keep the watch as a ""beater"" watch for doing things like yard work or hiking. To be fair, the audible ticks are not noticeable during most daily activities, like going for a walk, going to the supermarket, etc. You need to be in a quiet room/location for the ticks to be noticeable. However, when I'm sitting down to read a book, or have a quiet conversation at home with a friend, I do not want my watch to be so audible that it's distracting or annoying.If it wasn't for the audible ticking of the watch, I'd give the watch 5 stars, especially considering its affordable price. However, I have to subtract at least 1 star because of the audible tick.",4,NA
"87","watch","Timex Men's Expedition Scout 40mm Watch","Quality control","Reviewed in the United States on October 25, 2024","","Timex is the best bang for the buck. I have numerous watches from the best down to the average and Timex holds up as good as the best, especially the solar powered expeditions. They always look great and have a comfortable band, easy to read and it looks like a high end watch!!  Whats not to like??",5,NA
"88","watch","Timex Men's Expedition Scout 40mm Watch","Dust Roger","Reviewed in the United States on November 11, 2024","","Good watch‚Äîreliable and the perfect size. I'm the type of guy who doesn't like wearing a large, alarm clock-sized watch on my wrist, so this one fits the bill perfectly and looks great.",5,NA
"89","watch","Timex Men's Expedition Scout 40mm Watch","Harper","Reviewed in Canada on November 20, 2024","Good looking watch with a rugged look and feel.","Like the indiglo",5,NA
"90","watch","Timex Men's Expedition Scout 40mm Watch","Federico","Reviewed in Mexico on October 26, 2024","","Bonito. Sencillo. Parece m√°s caro a simple vista. Correa y acabados generales de calidad. No demasiado grande.Y lo m√°s importante: da la hora.",5,NA
"91","watch","Timex Men's Expedition Scout 40mm Watch","RandyM","Reviewed in Canada on October 12, 2024","","",5,NA
"92","watch","Timex Men's Expedition Scout 40mm Watch","Iury Palma","Reviewed in Brazil on September 26, 2024","Affordable Field Watch with a LOUD Movement Inside","Love this watch. Reasonable size, not too heavy (for a man), easy to read, somewhat simple utilitarian stylish and has a lighted dial with a push of the watch stem. Getting the time easily in dim light is a real bonus, without dragging out your cell phone. Timex watches are tried and true. One thing I don't like - it seems impossible to get a similar watch with a durable hardened glass crystal vs a hard plastic as this watch - they scratch up in time with someone engaged in heavy working. But to get this feature, watches are usually divers style, heavy, complex to read, large and very expensive. So with this watch, its a super value and I am quite happy.",5,NA
"93","watch","Timex Men's Expedition Scout 40mm Watch","Iury Palma","Reviewed in Mexico on August 30, 2024","","Pela foto parecia ser um pouco maior mas valeu a pena mesmo assim. Boa constru√ß√£o e a pulseira √© confort√°vel",5,NA
"94","watch","Timex Men's Expedition Scout 40mm Watch","VictorL",NA,"","",5,NA
"95","watch","Timex Men's Expedition Scout 40mm Watch","VictorL",NA,"Keeps on ticking !!!","Gran reloj pues obtiene su energ√≠a por medio de la luz, tanto natural como artificial, por lo que no necesitas cambiar de bater√≠as. Tiene un movimiento de cuarzo muy bueno y fiable, con un segundero que atina a todos los marcadores de segundos. La correa es buena y se siente de calidad. En general soy muy fan de los Eco-Drive de Citizen que tambi√©n son solares, sin embargo su precio m√°s barato es quiz√° m√°s del doble de lo que cuesta este Timex. Por su precio considero que es una excelente opci√≥n",5,NA
"96","watch","Fossil Minimalist Men's Watch with Leather or Stainless Steel Band","Lyndell dodsonAmazon Customer","Reviewed in the United States on October 4, 2024","","I wear this watch everyday, and Love it.  Keeps perfect time .  I like the thin design that fits close to my wrist, and the leather band is very stylish and rugged. I also like the fact that the face will not scratch.",5,NA
"97","watch","Fossil Minimalist Men's Watch with Leather or Stainless Steel Band","Luke","Reviewed in the United States on October 10, 2024","","Comfortable, stylish, lightweight watch. I get lots of compliments when I wear it!",5,NA
"98","watch","Fossil Minimalist Men's Watch with Leather or Stainless Steel Band","Sidney","Reviewed in the United States on August 24, 2024","Reliable watch","I got this for my husband‚Äôs birthday and it is so much better than I could have hoped for. Amazing leather band, great quality metal and beautiful blue.",5,NA
"99","watch","Fossil Minimalist Men's Watch with Leather or Stainless Steel Band","Alyssa retes","Reviewed in the United States on February 13, 2024","","It was too big. My boyfriend had to take out a couple links to make it fit. It's also easy to bump the button that changes time so he accidentally changes the time on it often. Aside from that it's a very nice classy watch. Great for dressing up.",4,NA
"100","watch","Fossil Minimalist Men's Watch with Leather or Stainless Steel Band","Scott E.","Reviewed in the United States on August 31, 2024","","Stylish. Doesn‚Äôt look cheap. I definitely recommend if you‚Äôre looking for a watch in this price range.",5,NA
"101","watch","Fossil Minimalist Men's Watch with Leather or Stainless Steel Band","Kaori G√≥mez Nakahara","Reviewed in the United States on October 18, 2024","Fossil leather watch","Very good watch",5,NA
"102","watch","Fossil Minimalist Men's Watch with Leather or Stainless Steel Band","JAVIER982","Reviewed in the United States on November 29, 2024","","Loved the item, very classy, great for everyday use, light weigh and slim, glow in the dark. It is a very very nice watch to own for a very good price.",5,NA
"103","watch","Fossil Minimalist Men's Watch with Leather or Stainless Steel Band","Elizabeth Ramsdell","Reviewed in the United States on November 15, 2024","","I bought this for Father‚Äôs Day and it was well liked. The blue color on the face of the watch really pops and is very light weight.",5,NA
"104","watch","Fossil Minimalist Men's Watch with Leather or Stainless Steel Band","marcelo","Reviewed in Mexico on November 23, 2024","Beautiful watch!!!","Elegante, minimalista, adecuado en la calidad precio",5,NA
"105","watch","Fossil Minimalist Men's Watch with Leather or Stainless Steel Band","Rosi","Reviewed in Mexico on July 12, 2024","","",5,NA
"106","watch","Fossil Minimalist Men's Watch with Leather or Stainless Steel Band","Travis Brown","Reviewed in Canada on April 21, 2024","","A mi esposo le encant√≥ el reloj.La caja met√°lica verde en la que viene est√° muy retroPadr√≠sima.",5,NA
"107","watch","Fossil Minimalist Men's Watch with Leather or Stainless Steel Band","Arshie","Reviewed in Canada on February 17, 2024","Nice, but too big.","",5,NA
"108","watch","Fossil Minimalist Men's Watch with Leather or Stainless Steel Band","Mariana Mend√≠vil","Reviewed in Mexico on August 3, 2023","","Ordered it used, came still plastic wrapped and brand new. Works well and love the minimalist design of black on black.",5,NA
"109","watch","Casio F108WH Series","lcm","Reviewed in the United States on September 15, 2024","","The Casio F108WH Series Men's Digital Watch nails the perfect blend of retro charm and modern functionality. With its classic 80s digital look, this watch is a nostalgic throwback that adds a vintage touch to any outfit. The simple yet iconic design brings back memories of the classic Casio watches, but with updated features that make it perfect for today‚Äôs needs.Beyond its great looks, this watch delivers outstanding performance. The clear digital display, light, daily alarm, and water resistance make it a practical choice for everyday use. It‚Äôs lightweight, durable, and feels comfortable on the wrist all day long. It‚Äôs an incredible value for the price. You get reliable Casio quality and timeless style. If you love retro Casio aesthetics, this watch is a steal.",5,NA
"110","watch","Casio F108WH Series","DC","Reviewed in the United States on November 20, 2024","","I've worn a Casio just like this off and on for decades, since the 80s at least. It is tough, highly water resistant, easy to read, lightweight, and keeps excellent time. I am an aircraft mechanic that collects watches - some of them quite expensive, but this is what I wear to work. If it happens to get damaged (unlikely), it is inexpensive to replace. It isn't fancy but it gets the job done at an excellent price. It is of great quality for its purpose, which is not to be a fashion accessory or wrist computer but to tell you the time and date. A crazy concept, I know.",5,NA
"111","watch","Casio F108WH Series","ALBERTO HORTA","Reviewed in the United States on November 1, 2024","Retro Style Meets Modern Functionality","I use this watch at work and it is great to just be able to glance over and see the time. I know that this is a reliable piece of equipment that I can use everyday. I use my running watch for that and this is a work watch that I enjoy using because it serves it's purpose very well.",5,NA
"112","watch","Casio F108WH Series","Keismer Escalona","Reviewed in the United States on November 27, 2024","","Quality is quality, I bought it because it's simple nonetheless strong and brings comfort and a stylish look to your image, always a very good brand",5,NA
"113","watch","Casio F108WH Series","Simeon Knapp","Reviewed in the United States on November 17, 2024","","This watch is awesome‚Äîclear display, durable, and a great fit. But then it decided to switch to military time (24-hour format), and suddenly I had to learn how to read it. I didn‚Äôt sign up for a math lesson when I bought this!After a crash course in figuring out what ‚Äú14:00‚Äù means, (it‚Äôs 2:00 btw) I can now say I‚Äôm smarter because of this watch. Still, a heads-up would‚Äôve been nice. 5/5. Because I guess it‚Äôs good to hear something once in a while..",4,NA
"114","watch","Casio F108WH Series","Clayton","Reviewed in the United States on October 22, 2024","Great little watch as always.","Originally bought this watch for a ""white"" party, but now I use it for anything casual where I want to wear a watch, like the pool, soccer, yard work etc. Its large face size makes it stand out and not look too dinky. I would say that one issue with the white band is that it does discolor over time a bit.",5,NA
"115","watch","Casio F108WH Series","photogirl","Reviewed in the United States on November 17, 2024","","I bought this watch so that I can wear it in the shower and while swimming without issues (although I haven‚Äôt done the latter yet). Yes, I‚Äôm the type of person who likes to know what time it is in the shower. I read the instruction manual and it says not to turn the light on while under water. I have made sure to follow that tip and so far, the watch is as good as new after daily use for several months. The only thing I‚Äôve noticed is that the words ‚ÄúIllumination‚Äù and ‚ÄúWater resistant‚Äù have faded a bit on the outer shell. Highly recommend this watch if you want something effective, durable, and don‚Äôt need smart features. I had a Fitbit (now dead), but now that I know my sleep patterns are fine, I no longer see a need to replace it with another Fitbit.",5,NA
"116","watch","Casio F108WH Series","Amazon Customer","Reviewed in the United States on November 7, 2024","","Great price for a good watch. Not for rough use, but great for the average person.",5,NA
"117","watch","Casio F108WH Series","Adeiza Zulfah","Reviewed in Canada on November 12, 2024","Great watch for the price!","A perfect gift for my 11years. He loves it.",5,NA
"118","watch","Casio F108WH Series","Albert","Reviewed in Mexico on October 23, 2024","","Exelente condiciones, sin problema alg√∫no en la pantalla o botones, funciona a la perfecci√≥n.",5,NA
"119","watch","Casio F108WH Series","Ari Sun üß°üêÜ","Reviewed in Mexico on July 24, 2024","","",5,NA
"120","watch","Casio F108WH Series","moa","Reviewed in Canada on March 23, 2024","The product","Precio accesible , muy buena marca, y luce padr√≠simo.",2,NA
"121","watch","Casio F108WH Series","Leslie Leyh","Reviewed in Canada on November 30, 2023","","",5,NA
"122","watch","Casio MQ24 Series","A. J. Safian","Reviewed in the United States on February 7, 2016","","I read a lot of reviews for this watch before buying it. In fact I purchased this over the other casio watch Casio Men's MQ24-1E Black Resin Watch because those reviewers complained about the watch having too small of a face and band. Well, this watch I found has the same issue for me. I am an average guy; 5'8"", 190lbs, do a lot of physical work but not buff. I do not have ""cankles"" for wrists (or would you call them ""wrankles""?). Anyway, point is, just an average male. I bought this watch because honestly, ""watch stink"" from keeping my watch on my wrist 24/7 literally ruined my favorite watch (no replacement bands available for the unique design of the watch face). I had to go through two of these expensive watches to learn what the heck ""watch stink"" even was. But I was not going to throw down a lot of money on yet another of these watches. However being watchless was driving me absolutely crazy! My watch was more important that even having my iPhone on me! So I just caved in and ordered this guy. It was a couple bucks cheaper than the casio black analogue sister watch (link above). I love/hate this watch.In short I do not like this watch for the following reasons: the watch face is slightly small (just a tad), the band is not long enough and is veryyy thin. But I KNEW this before purchasing - I'm only saying it again for emphasize to guys out there. I also do not like paper thin watch bands. I like that thick rubber or nylon feeling. The thin resin strap is cost-effective and does its job, but it's so thin and flimsy I am always tempted to rip it off my wrist at least once a day. The length of the strap is not very long either. So the buckle ends up being almost on the side of my wrist instead of under it, like it should be. I'm at the 3rd/4th to last hole. The watch in person does not look professional.But the resin strap is really the only thing that reallllly bugs me. Aside from that I appreciate that Casio made this watch practical and useful despite its price. There are a lot of junk watches out there at the same price range. These watches will have their finishes peel off, scratch easily and will not be water resistant. They will perform as cheaply as they are made. This watch surprisingly differs in that regard. It's accurate with time, simple simple simple (love that part). And is water resistant up to 50M (just make sure the screw dial pin is pushed all the way in!). The watch face is simple, sleek, and easy to read. No funky numbers, small numbers or other distractions on the face. As much as I want to call this the perfect ""beater watch,"" when I think of beater watch I think of something that's extremely durable under abuse and will last- not so much the other line of thought ""I'll just toss it if it breaks and not cry over spilt milk."" I don't like throwing things away or using things that are prone to being disposed of early on. So while I want to use this watch for my dirty tasks like work around the house, while working on my car, working with animals, etc. I do not get the feeling that this watch will stand to much abuse. I will test it out though and confirm in an update when/if this watch breaks.If there was a $20 version of this watch - one that had a longer, thicker strap, slightly bigger watch face, and the inclusion of a small date window - I would buy it in a heartbeat! For about $8 though, if you are skinny/have really narrow wrists this is perfect! Also want to mention this is not a gender-specific watch. It's truly universal. Just because it fits on narrow wrists, don't let that fool you. Both guys and gals have thin and thick wrists. This watch is ideal for the narrow-wristed folks out there. Enjoy!",5,NA
"123","watch","Casio MQ24 Series","Eduardo Cuello Suazo","Reviewed in the United States on December 26, 2023","","I recently bought the Casio Men's MQ24-7B2 Analog Watch with a Black Resin Band and I must say, it has exceeded my expectations. This timepiece beautifully combines simplicity with reliability.The design is classic and minimalistic, perfect for everyday wear or even for a more formal setting. The black resin band is comfortable on the wrist and feels durable enough for daily use. The analog display is clear and easy to read, making time-telling effortless.What really stands out about this watch is its reliability. Casio is known for crafting timepieces that last, and this watch is no exception. It has been keeping accurate time since the moment I started wearing it, which is crucial for me in a watch.Moreover, its water-resistant feature has proven handy in various situations, giving me peace of mind during unexpected weather changes or accidental splashes.For its affordable price, the quality and functionality of this Casio watch are outstanding. It's a fantastic value for the money and I couldn't be happier with my purchase.If you're in search of a no-nonsense, dependable watch that won't break the bank, I highly recommend considering the Casio Men's MQ24-7B2 Analog Watch. It's a reliable companion that gets the job done while adding a touch of understated style to any outfit. Overall, a very satisfying purchase that I would gladly recommend to others.",5,NA
"124","watch","Casio MQ24 Series","San Francisco Bagger","Reviewed in the United States on November 14, 2024","Great Men/Women's Watch - thick-armed/wristed individuals beware though!","Nifty little plastic watch. Extremely light on the wrist; you hardly know it's there. No date feature, no luminous hands, just yer basic watch. Keeps perfect time. The description mentions a mineral glass crystal...nope. It's plastic, too.At 15 bucks what's not to like?",5,NA
"125","watch","Casio MQ24 Series","ameliapond","Reviewed in the United States on June 5, 2024","","The watch itself is nice,  especially for low price. The band is more like a semi stiff plastic. I thought it was going to be soft like silicone bands. The little strap you tuck the excess band into pinched my arm once,  and to have the band tight enough to not keep shifting watch around my wrist isn't comfortable. I  ordered a few elastic replacement bands. I got the wrong size because it listed the width of band as 20mm. But the size you need to make it fit is 16mm. The band pins on this casio's band connectionis kind of hard to open. I used a paper clip to push the spring pin in (hard to get it to go) , and pull the band off at same time. The pin things on this are just straight.  Others I've used, including the replacement/ replacement bands I'm using have a kind of knobby thing attached that you can use to push in the spring activated pin. Much simpler. The elastic replacement band looks better than original and is way more comfortable.So, to sum up... watch itself if is great. It did come with battery already operating,  so I hope battery lasts a while, but no biggie.  While the actual watch is easy to read and the perfect size, the band that included is not great. A replacement elastic band (with 16mm size connection) makes the watch a 5/5. If it had been more expensive I would've been annoyed at having to get hew bands. But it's cheap and with new band it doesn't look cheap. So far its keeping time accurately. I also like that it's water resistant. The only negative I've found is the sub-par band, but new one can be gotten really cheap.Nice basic analog watch with a second hand, at a low price.",4,NA
"126","watch","Casio MQ24 Series","ameliapond","Reviewed in the United States on October 10, 2024","","I like how well it fits on my wrist and looks. I`m a retired senior with alot of health issues right now and I don`t have alot of money to pay for a new watch after paying all my health bills. I`m one human being who doesn`t like purchasing batteries when my watch stops working because alot of times I need to also replace the band so I rather like to purchase a new watch. The price of this watch fit into my budget very nicely so I was able to purchase two of them to switch off.",4,NA
"127","watch","Casio MQ24 Series","Sheldon Forman","Reviewed in Canada on November 7, 2024","Simple Yet Reliable Timepiece - A Great Purchase!","Very nice watch. Time sets very easily and is accurate. No extra knobs tthat can be accidentally pushed by a twist of the wrist.",5,NA
"128","watch","Casio MQ24 Series","Mike","Reviewed in Mexico on October 30, 2024","","Buena calidad, se ve muy bien y el precio est√° muy accesible",5,NA
"129","watch","Casio MQ24 Series","Leo","Reviewed in Mexico on October 24, 2024","","",5,NA
"130","watch","Casio MQ24 Series","Ulises Hern√°ndez","Reviewed in Brazil on October 21, 2024","Inexpensive Elegance","Me gusto mucho es un reloj muy bonito que se acomoda bien a tu mu√±eca y si te gustan los relojes con estilo este es uno de ellos.",5,NA
"131","watch","Casio MQ24 Series","Ricardo","Reviewed in Canada on October 19, 2024","","",5,NA
"132","watch","Casio MQ24 Series","D.J.",NA,"","Eu realmente amei! Lindo, leve, pr√°tico, pequeno, discreto e funcionalCumpre totalmente o que promete e j√° veio com o hor√°rio de Bras√≠lia ajustado",5,NA
